id,parameter,low,base,high,national.value_added.2032.at_low,national.value_added.2032.at_high,national.value_added.2032.swing,national.total_va.2032.at_low,national.total_va.2032.at_high,national.total_va.2032.swing,national.total_va_share_gdp.2032.at_low,national.total_va_share_gdp.2032.at_high,national.total_va_share_gdp.2032.swing,national.household_income.2032.at_low,national.household_income.2032.at_high,national.household_income.2032.swing,national.tax_revenue.2032.at_low,national.tax_revenue.2032.at_high,national.tax_revenue.2032.swing,national.jobs.2032.at_low,national.jobs.2032.at_high,national.jobs.2032.swing,national.net_fx.2032.at_low,national.net_fx.2032.at_high,national.net_fx.2032.swing,climate.total.avoided_t.2032.at_low,climate.total.avoided_t.2032.at_high,climate.total.avoided_t.2032.swing
A-118,Business process outsourcing: capacity in operation at full build-out (2032),2000.0,5000.0,10000.0,79.392528,107.040528,27.647999999999996,185.28490257352942,225.94372610294118,40.65882352941176,0.007605597162854811,0.009274565484532236,0.001668968321677425,111.17094154411764,135.56623566176472,24.395294117647083,0.44258975205882356,1.581036810882353,1.1384470588235294,14716.8,23036.8,8320.0,211.827276,253.299276,41.47199999999998,236303.25538102718,244673.68738102718,8370.432
A-034,Fish and seafood processing and cold chain: capacity in operation at full build-out (2032),30000.0,60000.0,120000.0,82.373328,104.534928,22.161599999999993,171.7471819852941,258.1015202205882,86.35433823529411,0.007049899165515046,0.01059458251942144,0.0035446833539063936,103.04830919117646,154.86091213235295,51.81260294117649,0.4367815755882355,1.7349590461764708,1.2981774705882354,16924.8,19660.8,2736.0,192.387276,297.363276,104.97599999999997,238578.9665810272,241168.56898102717,2589.6023999999743
A-109,Baati and macawis garments: capacity in operation at full build-out (2032),5000.0,10000.0,20000.0,82.848528,103.584528,20.736000000000004,191.79666727941174,218.00254963235292,26.205882352941188,0.00787289287062346,0.008948595109204613,0.0010757022385811527,115.07800036764705,130.80152977941174,15.723529411764687,1.1778791638235295,0.25276386970588227,0.9251152941176473,13836.8,25836.8,12000.0,218.739276,244.659276,25.920000000000016,235954.4873810272,246417.52738102718,10463.039999999979
A-008,"Additionality, coastal export processing: share of modelled activity that would not happen without the policy",0.6,0.8,1.0,81.078678,98.442378,17.36370000000001,174.64999218749998,226.41393060661767,51.76393841911769,0.007169054070915078,0.009293866496052612,0.002124812425137534,104.78999531249998,135.8483583639706,31.058363051470607,0.3731242612500001,1.365890536985294,0.992766275735294,17092.8,18580.8,1488.0,193.830426,260.928126,67.09770000000003,239442.1673810272,239442.1673810272,0.0
A-036,Fish and seafood processing and cold chain: price or output value per unit,1500.0,3000.0,5000.0,82.373328,99.610128,17.236800000000002,171.7471819852941,238.91166727941177,67.16448529411767,0.007049899165515046,0.009806875107442242,0.002756975941927196,103.04830919117646,143.34700036764704,40.298691176470584,0.4367815755882355,1.4464751638235296,1.0096935882352942,17836.8,17836.8,0.0,192.387276,274.035276,81.648,239442.1673810272,239442.1673810272,0.0
A-012,Chilled beef and camel meat for Gulf markets: capacity in operation at full build-out (2032),15000.0,30000.0,45000.0,81.296028,98.225028,16.928999999999988,179.91530238970586,221.14862040441176,41.2333180147059,0.007385185162975078,0.00907773540399261,0.0016925502410175325,107.94918143382351,132.68917224264706,24.73999080882355,0.3635209469117649,1.375493851323529,1.0119729044117642,17656.8,18016.8,360.0,197.692776,257.065776,59.37300000000002,238706.4848810272,240177.84988102718,1471.3649999999907
A-010,"Additionality, light manufacturing and consumer staples: share of modelled activity that would not happen without the policy",0.6,0.8,1.0,82.055376,97.46568,15.41030400000001,187.4921194852941,213.5718033088235,26.079683823529393,0.007696199270467225,0.008766721296500463,0.001070522026033238,112.49527169117646,128.14308198529412,15.647810294117662,1.4082971055882354,0.33071769264705886,1.0775794129411764,15669.6,20004.0,4334.4,213.966252,240.7923,26.826048000000014,239442.1673810272,239442.1673810272,0.0
A-005,Cumulative share of the 2032 target capacity in operation by the end of 2031 (all lines and modules),0.6,0.8,0.9,79.787136,94.747224,14.960087999999999,178.2506323529412,211.67262591911765,33.42199356617644,0.007316853585318975,0.008688763632566281,0.0013719100472473064,106.95037941176473,127.00357555147059,20.05319613970586,0.7728954658823532,0.9178133657352945,0.14491789985294123,17836.8,17836.8,0.0,202.114912,240.011458,37.896546,215209.0821164686,251558.7100133065,36349.62789683789
A-120,Business process outsourcing: price or output value per unit,7000.0,10000.0,15000.0,84.576528,98.400528,13.823999999999998,192.90843198529413,213.23784375,20.329411764705867,0.007918528723169328,0.00875301288400804,0.0008344841608387121,115.74505919117648,127.94270625,12.19764705882352,0.6560485755882354,1.225272105,0.5692235294117646,17836.8,17836.8,0.0,219.603276,240.339276,20.73600000000002,239442.1673810272,239442.1673810272,0.0
A-111,Baati and macawis garments: price or output value per unit,4000.0,6000.0,9000.0,85.152528,96.672528,11.519999999999996,194.7084319852941,209.26725551470588,14.558823529411768,0.00799241534157692,0.008590027696344229,0.0005976123547673084,116.82505919117646,125.56035330882351,8.735294117647044,1.0750885755882356,0.5611356344117647,0.5139529411764708,17836.8,17836.8,0.0,221.619276,236.019276,14.399999999999977,239442.1673810272,239442.1673810272,0.0
A-121,Business process outsourcing: value-added ratio (share of gross output),0.41,0.6,0.8,84.288528,95.520528,11.232,197.7657849264706,203.44372610294118,5.677941176470597,0.008117913936078056,0.008350982754437306,0.00023306881835924963,118.65947095588236,122.06623566176471,3.4067647058823525,0.7920544579411765,0.951036810882353,0.15898235294117657,17836.8,17836.8,0.0,227.379276,227.379276,0.0,239442.1673810272,239442.1673810272,0.0
A-006,Cumulative share of the 2032 target capacity in operation by the end of 2032 (all lines and modules),0.8,1.0,1.0,79.787136,89.760528,9.97339199999999,178.2506323529412,200.5319613970588,22.281329044117598,0.007316853585318975,0.008231460283483844,0.0009146066981648689,106.95037941176473,120.3191768382353,13.368797426470564,0.7728954658823532,0.8695073991176471,0.09661193323529382,14269.44,17836.8,3567.3599999999988,202.114912,227.379276,25.264364,222970.6821164686,239442.1673810272,16471.485264558578
A-011,"Additionality, business services (BPO): share of modelled activity that would not happen without the policy",0.6,0.8,1.0,85.440528,94.080528,8.64,194.17902022058823,206.88490257352942,12.705882352941188,0.007970683983221746,0.008492236583745942,0.0005215526005241961,116.50741213235294,124.13094154411765,7.623529411764707,0.6916250461764706,1.0473897520588236,0.355764705882353,16536.8,19136.8,2600.0,220.899276,233.859276,12.960000000000008,239442.1673810272,239442.1673810272,0.0
A-007,Output in the commissioning year as a share of mature utilisation (ramp-up),0.3,0.5,0.7,85.7711712,93.7498848,7.978713600000006,191.61942977941177,209.4444930147059,17.825063235294124,0.007865617604217896,0.008597302962749794,0.0007316853585318979,114.97165786764705,125.66669580882352,10.695037941176466,0.8308626258235301,0.9081521724117647,0.07728954658823461,17836.8,17836.8,0.0,217.2735304,237.48502159999998,20.211491199999983,225868.13327520376,253016.20148685062,27148.068211646867
A-035,Fish and seafood processing and cold chain: mature capacity utilisation,0.45,0.6,0.75,86.066928,93.454128,7.387199999999993,186.13957169117646,214.9243511029412,28.78477941176473,0.007640679724499445,0.008822240842468245,0.0011815611179688,111.68374301470588,128.95461066176472,17.270867647058836,0.6531444873529413,1.0858703108823533,0.432725823529412,17836.8,17836.8,0.0,209.883276,244.875276,34.99200000000002,239010.5669810272,239873.76778102719,863.2007999999914
A-014,Chilled beef and camel meat for Gulf markets: price or output value per unit,4800.0,5500.0,7000.0,87.605928,94.377528,6.771599999999992,195.2840845588235,211.77741176470587,16.493327205882366,0.00801604479826343,0.008693064894670444,0.0006770200964070147,117.17045073529411,127.06644705882353,9.895996323529417,0.7407108476470591,1.1455000094117649,0.4047891617647058,17836.8,17836.8,0.0,216.606276,250.464276,33.858000000000004,239442.1673810272,239442.1673810272,0.0
A-082,Camel milk and dairy processing: capacity in operation at full build-out (2032),30000000.0,60000000.0,120000000.0,87.544368,94.192848,6.648479999999992,193.41885110294115,214.7581819852941,21.339330882352954,0.00793948046904351,0.008815419912364512,0.0008759394433210024,116.0513106617647,128.85490919117646,12.803598529411758,0.8718942308823531,0.8647337355882352,0.007160495294117886,17788.8,17932.8,144.0,221.080716,239.976396,18.89568,239206.7489810272,239913.00418102718,706.255199999985
A-076,Flour milling with grain silos: value-added ratio (share of gross output),0.08,0.12,0.21,87.917328,93.907728,5.990400000000008,199.26137316176468,203.3907849264706,4.129411764705907,0.008179305023431425,0.008348809618601788,0.00016950459517036352,119.55682389705882,122.03447095588236,2.4776470588235355,0.8339309285294114,0.9495544579411762,0.11562352941176479,17836.8,17836.8,0.0,227.379276,227.379276,0.0,239442.1673810272,239442.1673810272,0.0
A-013,Chilled beef and camel meat for Gulf markets: mature capacity utilisation,0.6,0.75,0.85,86.374728,92.017728,5.643000000000001,192.28529779411767,206.02973713235292,13.744439338235253,0.007892950235280338,0.008457133648952848,0.0005641834136725105,115.37117867647058,123.61784227941176,8.246663602941183,0.6671128182352943,1.0044371197058823,0.337324301470588,17836.8,17836.8,0.0,215.504676,235.295676,19.790999999999997,239147.8943810272,239638.3493810272,490.4549999999872
A-119,Business process outsourcing: mature capacity utilisation,0.65,0.8,0.9,86.520528,91.920528,5.400000000000006,195.7672555147059,203.70843198529414,7.941176470588232,0.008035878058287272,0.008361848433614894,0.0003259703753276215,117.46035330882353,122.22505919117647,4.764705882352942,0.7360956344117647,0.9584485755882354,0.22235294117647064,17836.8,17836.8,0.0,222.519276,230.619276,8.100000000000023,238461.2573810272,240096.1073810272,1634.8500000000058
A-173,"Frankincense and myrrh: grading, cleaning, distillation of essential oils and extracts: capacity in operation at full build-out (2032)",800.0,1500.0,3000.0,88.278768,92.935728,4.656959999999998,198.12915992647058,205.68082169117645,7.5516617647058695,0.008132829797169089,0.00844281132558689,0.0003099815284178017,118.87749595588235,123.40849301470588,4.53099705882353,0.8090027179411765,0.9991602873529414,0.19015756941176487,17780.8,17956.8,176.0,225.262476,231.915276,6.652800000000013,239335.35718102718,239671.04638102718,335.68919999999343
A-073,Flour milling with grain silos: capacity in operation at full build-out (2032),120000.0,200000.0,280000.0,87.548688,91.972368,4.4236800000000045,196.88960845588235,204.17431433823526,7.28470588235291,0.008081948538000242,0.008380972028967445,0.00029902349096720335,118.1337650735294,122.50458860294117,4.370823529411766,1.357345516764706,0.3816692814705883,0.9756762352941176,17740.8,17932.8,192.0,222.771276,231.987276,9.216000000000008,236931.03778102717,241953.29698102718,5022.2592
A-110,Baati and macawis garments: mature capacity utilisation,0.65,0.8,0.9,87.168528,91.488528,4.320000000000007,197.25622610294116,202.71578492647055,5.459558823529392,0.0080969975036612,0.008321102136698939,0.00022410463303773956,118.3537356617647,121.62947095588235,3.275735294117652,0.9851468108823531,0.7924144579411767,0.1927323529411764,17836.8,17836.8,0.0,224.139276,229.539276,5.400000000000006,238134.28738102718,240314.08738102717,2179.7999999999884
A-015,Chilled beef and camel meat for Gulf markets: value-added ratio (share of gross output),0.17,0.19,0.21,87.978528,91.542528,3.564000000000007,199.05788051470586,202.00604227941176,2.948161764705901,0.008170952032563654,0.008291968534404035,0.00012101650184038158,119.43472830882352,121.20362536764705,1.7688970588235264,0.8282331344117647,0.9107816638235295,0.08254852941176483,17836.8,17836.8,0.0,227.379276,227.379276,0.0,239442.1673810272,239442.1673810272,0.0
A-023,Hides and skins tanning (with effluent treatment): capacity in operation at full build-out (2032),1500000.0,3000000.0,5000000.0,88.248528,91.776528,3.528000000000006,198.16946139705883,203.6819613970588,5.512499999999989,0.008134484096823876,0.008360761865697135,0.00022627776887325889,118.90167683823529,122.2091768382353,3.3075000000000045,0.8154533991176471,0.9415793991176471,0.12612599999999996,17440.8,18364.8,924.0,224.960076,230.604876,5.644800000000004,238755.5303810272,240357.6833810272,1602.1529999999912
A-112,Baati and macawis garments: value-added ratio (share of gross output),0.35,0.4,0.45,88.032528,91.488528,3.456000000000003,199.34078492647055,201.723137867647,2.382352941176464,0.0081825647271847,0.008280355839782986,9.779111259828645e-05,119.60447095588236,121.03388272058822,1.4294117647058613,0.8361544579411767,0.9028603402941174,0.06670588235294073,17836.8,17836.8,0.0,227.379276,227.379276,0.0,239442.1673810272,239442.1673810272,0.0
A-043,"Sesame hulling, tahini and halva: capacity in operation at full build-out (2032)",15000.0,25000.0,40000.0,88.399728,91.801728,3.402000000000001,196.91733639705882,205.95389889705882,9.036562500000002,0.008083086717894095,0.00845402063186847,0.0003709339139743757,118.15040183823528,123.5723393382353,5.421937500000013,0.7828130991176473,0.9995488491176473,0.21673575,17772.8,17932.8,160.0,224.884476,231.121476,6.236999999999995,239259.06418102718,239716.8221810272,457.75800000003073
A-175,"Frankincense and myrrh: grading, cleaning, distillation of essential oils and extracts: price or output value per unit",8000.0,12000.0,20000.0,88.702128,91.877328,3.175200000000004,198.8156746323529,203.96453492647058,5.148860294117668,0.00816100993611616,0.00837236097821921,0.00021135104210304873,119.28940477941177,122.37872095588234,3.089316176470575,0.8262897697058822,0.9559426579411767,0.12965288823529453,17836.8,17836.8,0.0,224.506476,233.124876,8.618400000000008,239442.1673810272,239442.1673810272,0.0
A-037,Fish and seafood processing and cold chain: value-added ratio (share of gross output),0.17,0.19,0.21,88.205328,91.315728,3.1103999999999985,199.88872610294115,201.17519669117644,1.2864705882352894,0.008205056683082306,0.00825786388388538,5.280720080307402e-05,119.93323566176471,120.70511801470586,0.771882352941148,0.8514968108823531,0.8875179873529411,0.036021176470588,17836.8,17836.8,0.0,227.379276,227.379276,0.0,239442.1673810272,239442.1673810272,0.0
A-025,Hides and skins tanning (with effluent treatment): price or output value per unit,3.0,5.0,8.0,88.550928,91.574928,3.024000000000001,198.64196139705882,203.36696139705882,4.724999999999994,0.00815387933415587,0.008347831707475805,0.0001939523733199347,119.1851768382353,122.02017683823529,2.8349999999999937,0.8262641991176474,0.9343721991176474,0.10810799999999998,17836.8,17836.8,0.0,225.262476,230.554476,5.292000000000002,239442.1673810272,239442.1673810272,0.0
A-084,Camel milk and dairy processing: price or output value per unit,0.6,0.9,1.2,88.283088,91.237968,2.9548799999999886,195.78988786764702,205.27403492647053,9.48414705882351,0.008036807073856954,0.008426113493110732,0.00038930641925377825,117.47393272058822,123.16442095588233,5.6904882352941115,0.8710986202941177,0.8679161779411765,0.003182442352941184,17836.8,17836.8,0.0,223.180236,231.578316,8.398079999999993,239442.1673810272,239442.1673810272,0.0
A-009,"Additionality, riverine agro-processing: share of modelled activity that would not happen without the policy",0.6,0.8,1.0,88.377048,91.144008,2.7669599999999974,196.42981020220586,204.63411259191176,8.204302389705902,0.008063074683492535,0.008399845883475154,0.0003367711999826186,117.85788612132352,122.78046755514706,4.922581433823538,0.7936567656617648,0.9453580325735293,0.15170126691176455,17698.8,17974.8,276.0,224.099181,230.659371,6.560190000000006,239442.1673810272,239442.1673810272,0.0
A-064,Fruit processing and fresh fruit export: capacity in operation at full build-out (2032),15000.0,30000.0,60000.0,88.898688,91.484208,2.5855199999999883,197.4697444852941,206.65639522058822,9.186650735294137,0.00810576203212782,0.00848285678619589,0.00037709475406806983,118.48184669117646,123.99383713235294,5.511990441176479,0.8055381255882353,0.9974459461764711,0.19190782058823574,17656.8,18196.8,540.0,223.977276,234.183276,10.206000000000017,239245.9853810272,239834.5313810272,588.5460000000021
A-046,"Sesame hulling, tahini and halva: value-added ratio (share of gross output)",0.1,0.15,0.21,88.626528,91.121328,2.494800000000012,199.54179595588235,201.72015992647056,2.178363970588208,0.008190815852310181,0.008280233600892238,8.941774858205707e-05,119.72507757352939,121.03209595588234,1.3070183823529504,0.8417827667647059,0.9027769579411767,0.06099419117647087,17836.8,17836.8,0.0,227.379276,227.379276,0.0,239442.1673810272,239442.1673810272,0.0
A-083,Camel milk and dairy processing: mature capacity utilisation,0.45,0.6,0.75,88.652448,90.868608,2.216159999999988,196.97540624999996,204.08851654411762,7.113110294117661,0.008085470376263676,0.008377450190704011,0.00029197981444033586,118.18524375,122.45310992647059,4.267866176470591,0.8707008149999999,0.8683139832352943,0.002386831764705555,17836.8,17836.8,0.0,224.229996,230.528556,6.298560000000009,239324.45818102718,239559.87658102717,235.41839999999502
A-091,Soap and detergents: capacity in operation at full build-out (2032),10000.0,20000.0,30000.0,88.680528,90.840528,2.160000000000011,198.79482904411762,202.26909374999997,3.474264705882348,0.008160154263880927,0.00830276630308676,0.00014261203920583332,119.2768974264706,121.36145624999999,2.0845588235293917,0.9936676932352944,0.7453471050000003,0.24832058823529402,17790.4,17883.2,92.79999999999927,225.219276,229.539276,4.319999999999993,239311.3793810272,239572.9553810272,261.57600000000093
A-094,Soap and detergents: value-added ratio (share of gross output),0.15,0.2,0.35,89.220528,91.380528,2.1599999999999966,200.15971874999997,201.6486893382353,1.4889705882353326,0.008216180422140361,0.008277299867514291,6.111944537393055e-05,120.09583125,120.98921360294118,0.893382352941174,0.8590846050000003,0.9007757814705883,0.041691176470588065,17836.8,17836.8,0.0,227.379276,227.379276,0.0,239442.1673810272,239442.1673810272,0.0
A-100,Diapers and hygiene products: capacity in operation at full build-out (2032),3000.0,6000.0,10000.0,88.910784,90.89352,1.9827359999999885,199.16518566176467,202.35432904411763,3.1891433823529667,0.008175356707260268,0.008306265051781945,0.00013090834452167757,119.49911139705881,121.4125974264706,1.9134860294117857,0.9671967185294119,0.7392549732352941,0.22794174529411781,17776.8,17916.8,140.0,225.679788,229.64526,3.9654720000000054,239075.96098102716,239930.44258102716,854.4815999999992
A-176,"Frankincense and myrrh: grading, cleaning, distillation of essential oils and extracts: value-added ratio (share of gross output)",0.25,0.35,0.45,88.853328,90.667728,1.814399999999992,199.73982904411764,201.32409374999997,1.5842647058823331,0.008198944738544914,0.008263975828422775,6.503108987786048e-05,119.84389742647058,120.79445624999998,0.9505588235294056,0.8473276932352939,0.8916871049999998,0.044359411764705925,17836.8,17836.8,0.0,227.379276,227.379276,0.0,239442.1673810272,239442.1673810272,0.0
A-044,"Sesame hulling, tahini and halva: mature capacity utilisation",0.5,0.7,0.85,88.788528,90.489528,1.7010000000000076,197.9500863970588,202.4683676470588,4.518281250000001,0.008125479165205451,0.00831094612219264,0.00018546695698718786,118.77005183823529,121.48102058823528,2.710968749999992,0.8075828991176471,0.9159507741176471,0.108367875,17836.8,17836.8,0.0,225.597276,228.715776,3.1185000000000116,239311.3793810272,239540.2583810272,228.87900000001537
A-103,Diapers and hygiene products: value-added ratio (share of gross output),0.15,0.2,0.35,89.335656,91.035144,1.6994880000000023,200.2390808823529,201.41060294117645,1.171522058823541,0.008219438088578793,0.008267526868199,4.8088779620206884e-05,120.14344852941176,120.84636176470588,0.702913235294119,0.8613067447058828,0.8941093623529416,0.03280261764705883,17836.8,17836.8,0.0,227.379276,227.379276,0.0,239442.1673810272,239442.1673810272,0.0
A-174,"Frankincense and myrrh: grading, cleaning, distillation of essential oils and extracts: mature capacity utilisation",0.5,0.7,0.85,88.853328,90.440928,1.5875999999999948,199.06085845588234,201.63528860294116,2.57443014705882,0.008171074271454403,0.008276749792505925,0.00010567552105152263,119.4365150735294,120.9811731617647,1.5446580882352947,0.8324637167647057,0.8972901608823527,0.06482644411764704,17836.8,17836.8,0.0,226.083276,228.351276,2.2680000000000007,239376.7733810272,239491.2128810272,114.43950000000768
A-074,Flour milling with grain silos: mature capacity utilisation,0.7,0.8,0.9,89.069328,90.451728,1.382400000000004,199.39372610294114,201.67019669117644,2.2764705882352985,0.008184737863020219,0.00827818270394747,9.344484092725126e-05,119.6362356617647,121.00211801470589,1.3658823529411848,1.0219568108823527,0.717057987352941,0.30489882352941167,17836.8,17836.8,0.0,225.939276,228.819276,2.8799999999999955,238657.4393810272,240226.8953810272,1569.4560000000056
A-075,Flour milling with grain silos: price or output value per unit,350.0,400.0,450.0,89.069328,90.451728,1.382400000000004,199.39372610294114,201.67019669117644,2.2764705882352985,0.008184737863020219,0.00827818270394747,9.344484092725126e-05,119.6362356617647,121.00211801470589,1.3658823529411848,1.0219568108823527,0.717057987352941,0.30489882352941167,17836.8,17836.8,0.0,225.939276,228.819276,2.8799999999999955,239442.1673810272,239442.1673810272,0.0
A-024,Hides and skins tanning (with effluent treatment): mature capacity utilisation,0.55,0.7,0.85,89.112528,90.408528,1.2960000000000065,199.51946139705882,201.54446139705883,2.0250000000000057,0.008189899060629573,0.008273021506338116,8.31224457085427e-05,119.71167683823529,120.9266768382353,1.2150000000000034,0.846341399117647,0.8926733991176471,0.04633200000000004,17836.8,17836.8,0.0,226.342476,228.416076,2.073599999999999,239147.8943810272,239736.44038102718,588.545999999973
A-066,Fruit processing and fresh fruit export: price or output value per unit,500.0,700.0,1000.0,89.268048,90.499248,1.2312000000000012,198.78212316176467,203.15671874999998,4.374595588235309,0.008159632711280403,0.008339201641789007,0.00017956893050860394,119.26927389705881,121.89403124999998,2.624757352941174,0.832953528529412,0.924338205,0.09138467647058801,17836.8,17836.8,0.0,225.435276,230.295276,4.860000000000014,239442.1673810272,239442.1673810272,0.0
A-184,Efficient cookstoves (jikos) for charcoal and pellets: capacity in operation at full build-out (2032),100000.0,200000.0,350000.0,89.288028,90.469278,1.1812500000000057,199.64168106617643,201.86738189338234,2.2257008272059124,0.008194915948437348,0.008286276786053587,9.136083761623892e-05,119.78500863970588,121.1204291360294,1.3354204963235219,0.8748195498529415,0.8615391730147058,0.013280376838235686,17696.8,18046.8,350.0,227.095776,227.804526,0.7087500000000091,158752.0823810272,360477.2948810272,201725.2125
A-045,"Sesame hulling, tahini and halva: price or output value per unit",1550.0,1800.0,2050.0,89.288028,90.233028,0.9450000000000074,199.27688327205883,201.78703952205882,2.5101562499999943,0.008179941684320737,0.008282978882646952,0.00010303719832621509,119.56612996323528,121.07222371323529,1.5060937500000051,0.8394052116176471,0.8996095866176471,0.06020437499999998,17836.8,17836.8,0.0,224.323776,230.434776,6.11099999999999,239442.1673810272,239442.1673810272,0.0
A-085,Camel milk and dairy processing: value-added ratio (share of gross output),0.17,0.19,0.21,89.293968,90.227088,0.9331199999999882,200.25322610294114,200.81069669117645,0.5574705882353044,0.008220018723309845,0.008242901843657844,2.2883120347998512e-05,120.1519356617647,120.48641801470588,0.3344823529411798,0.8617028108823531,0.877311987352941,0.015609176470587904,17836.8,17836.8,0.0,227.379276,227.379276,0.0,239442.1673810272,239442.1673810272,0.0
A-065,Fruit processing and fresh fruit export: mature capacity utilisation,0.45,0.6,0.75,89.329608,90.191448,0.8618400000000008,199.00085294117645,202.06306985294117,3.0622169117647218,0.008168611157805832,0.008294309409161855,0.00012569825135602328,119.40051176470587,121.23784191176469,1.8373301470588217,0.8375227623529414,0.9014920358823532,0.06396927352941173,17836.8,17836.8,0.0,225.678276,229.080276,3.401999999999987,239344.07638102717,239540.2583810272,196.1820000000298
A-026,Hides and skins tanning (with effluent treatment): value-added ratio (share of gross output),0.35,0.4,0.45,89.382528,90.138528,0.7560000000000002,200.30613419117645,200.7577886029412,0.45165441176473564,0.008222190500935464,0.008240730066032225,1.853956509676076e-05,120.18368051470587,120.4546731617647,0.27099264705883286,0.8631842373529416,0.8758305608823531,0.01264632352941153,17836.8,17836.8,0.0,227.379276,227.379276,0.0,239442.1673810272,239442.1673810272,0.0
A-101,Diapers and hygiene products: mature capacity utilisation,0.55,0.7,0.85,89.396352,90.124704,0.728352000000001,199.946200367647,201.11772242647055,1.171522058823541,0.00820741589367374,0.008255504673293947,4.8088779620206884e-05,119.96772022058822,120.67063345588235,0.7029132352941332,0.9113742502941176,0.8276405479411766,0.08373370235294098,17836.8,17836.8,0.0,226.650924,228.107628,1.456704000000002,239285.22178102718,239599.11298102717,313.89119999998366
A-092,Soap and detergents: mature capacity utilisation,0.6,0.75,0.85,89.328528,90.048528,0.7199999999999989,199.83710845588234,200.99519669117643,1.1580882352940876,0.008202937875642677,0.00825047522204462,4.753734640194386e-05,119.9022650735294,120.59711801470588,0.6948529411764781,0.9191715167647063,0.8363979873529416,0.08277352941176475,17836.8,17836.8,0.0,226.515276,227.955276,1.4399999999999977,239389.85218102718,239477.0441810272,87.19200000001001
A-196,Biomass pellets and briquettes from Prosopis and crop residues: capacity in operation at full build-out (2032),20000.0,40000.0,80000.0,89.533728,90.214128,0.6804000000000059,199.91006801470587,201.77574816176468,1.8656801470588107,0.008205932728466,0.008282515393519532,7.658266505353173e-05,119.94604080882353,121.06544889705881,1.1194080882352893,0.8520943844117647,0.9043334285294117,0.052239044117647015,17756.8,17996.8,240.0,227.417076,227.303676,0.11340000000001282,232445.13538102718,253436.2313810272,20991.09600000002
A-054,Sesame oil pressing and refining: capacity in operation at full build-out (2032),2000.0,5000.0,10000.0,89.515584,90.168768,0.653183999999996,199.7833963235294,201.77956985294117,1.9961735294117773,0.008200733093516556,0.008282672266762658,8.193917324610285e-05,119.87003779411764,121.0677419117647,1.1977041176470635,0.8942704570588236,0.8282356358823533,0.0660348211764703,17817.6,17868.8,51.20000000000073,227.331648,227.458656,0.12700799999998935,239387.23642102716,239533.7189810272,146.48256000003312
A-093,Soap and detergents: price or output value per unit,850.0,1000.0,1150.0,89.436528,90.084528,0.6480000000000103,200.01082169117643,201.05310110294116,1.0422794117647243,0.008210068477602969,0.008252852089364719,4.2783611761749996e-05,120.00649301470588,120.63186066176469,0.625367647058809,0.9067554873529415,0.832259310882353,0.07449617647058848,17836.8,17836.8,0.0,226.731276,228.027276,1.2959999999999923,239442.1673810272,239442.1673810272,0.0
A-187,Efficient cookstoves (jikos) for charcoal and pellets: value-added ratio (share of gross output),0.2,0.25,0.35,89.571528,90.138528,0.5669999999999931,200.4016764705882,200.79253124999997,0.39085477941176805,0.008226112332013624,0.008242156186424281,1.6043854410657116e-05,120.24100588235294,120.47551875,0.23451286764706936,0.8658594211764707,0.8768033550000003,0.01094393382352954,17836.8,17836.8,0.0,227.379276,227.379276,0.0,239442.1673810272,239442.1673810272,0.0
A-194,Stoves: share of sales that would not happen without the policy,0.5,0.7,0.9,89.490528,90.030528,0.5400000000000063,200.02322977941174,201.04069301470588,1.0174632352941444,0.008210577806314418,0.00825234276065327,4.1764954338852425e-05,120.01393786764706,120.62441580882353,0.6104779411764696,0.8725429138235294,0.8664718844117651,0.006071029411764295,17756.8,17916.8,160.0,227.217276,227.541276,0.3240000000000123,193426.96738102718,285457.3673810272,92030.40000000002
A-102,Diapers and hygiene products: price or output value per unit,2400.0,2810.0,3200.0,89.51256,89.9964,0.4838400000000007,200.1331158088235,200.91135110294115,0.7782352941176498,0.008215088421383014,0.008247033518165121,3.194509678210687e-05,120.07986948529413,120.5468106617647,0.46694117647057,0.898014602647059,0.8423907908823531,0.05562381176470588,17836.8,17836.8,0.0,226.88334,227.85102,0.9676800000000014,239442.1673810272,239442.1673810272,0.0
A-186,Efficient cookstoves (jikos) for charcoal and pellets: price or output value per unit,30.0,40.0,50.0,89.524278,89.996778,0.4725000000000108,200.08682123161762,200.97710156249997,0.8902803308823479,0.008213188115960597,0.00824973245100709,3.654433504649349e-05,120.05209273897059,120.5862609375,0.5341681985294144,0.8721634744852943,0.8668513237500003,0.005312150735294008,17836.8,17836.8,0.0,227.237526,227.521026,0.28350000000000364,239442.1673810272,239442.1673810272,0.0
A-206,Pellets: share of value added and jobs that is net new,0.2,0.4,0.6,89.533728,89.987328,0.45360000000000866,199.91006801470587,201.15385477941174,1.2437867647058738,0.008205932728466,0.008256987838501689,5.10551100356884e-05,119.94604080882353,120.69231286764705,0.7462720588235214,0.8520943844117647,0.8869204138235295,0.034826029411764825,17756.8,17916.8,160.0,227.417076,227.341476,0.07560000000000855,233055.4793810272,245828.8553810272,12773.376000000018
A-057,Sesame oil pressing and refining: value-added ratio (share of gross output),0.08,0.12,0.21,89.624448,90.066708,0.44226000000000454,200.41314154411762,200.79930606617646,0.38616452205883434,0.008226582951743005,0.008242434279900733,1.585132815772744e-05,120.24788492647058,120.47958363970587,0.23169871323528923,0.8661804432352943,0.8769930498529416,0.010812606617647269,17836.8,17836.8,0.0,227.379276,227.379276,0.0,239442.1673810272,239442.1673810272,0.0
A-056,Sesame oil pressing and refining: price or output value per unit,740.0,1350.0,2000.0,89.576064,89.957088,0.3810239999999965,199.96822720588233,201.13266176470586,1.1644345588235296,0.008208320054002306,0.008256117905062532,4.779785106022623e-05,119.98093632352939,120.67959705882352,0.6986607352941263,0.8881561217647064,0.849635809411765,0.0385203123529414,17836.8,17836.8,0.0,225.918936,228.935376,3.0164399999999887,239442.1673810272,239442.1673810272,0.0
A-067,Fruit processing and fresh fruit export: value-added ratio (share of gross output),0.17,0.19,0.21,89.579088,89.941968,0.3628800000000041,200.4402408088235,200.62368198529407,0.18344117647058056,0.008227695325648808,0.008235225241318877,7.529915670068457e-06,120.26414448529411,120.37420919117646,0.11006470588235118,0.8669392226470591,0.8720755755882356,0.005136352941176425,17836.8,17836.8,0.0,227.379276,227.379276,0.0,239442.1673810272,239442.1673810272,0.0
A-185,Efficient cookstoves (jikos) for charcoal and pellets: mature capacity utilisation,0.6,0.75,0.85,89.571528,89.886528,0.3149999999999977,200.17584926470587,200.7693694852941,0.593520220588232,0.008216842549465246,0.008241205439496243,2.4362890030996814e-05,120.10550955882353,120.46162169117646,0.3561121323529335,0.8716322594117651,0.8680908255882355,0.0035414338235296716,17836.8,17836.8,0.0,227.265876,227.454876,0.18900000000002137,207166.13338102718,260959.52338102716,53793.389999999985
A-199,Biomass pellets and briquettes from Prosopis and crop residues: value-added ratio (share of gross output),0.25,0.3,0.45,89.684928,89.987328,0.3024000000000058,200.50069301470586,200.62576654411762,0.12507352941176464,0.008230176775130991,0.008235310808542402,5.134033411411179e-06,120.30041580882353,120.37545992647058,0.0750441176470531,0.8686318844117646,0.8721339432352938,0.003502058823529164,17836.8,17836.8,0.0,227.379276,227.379276,0.0,239442.1673810272,239442.1673810272,0.0
A-198,Biomass pellets and briquettes from Prosopis and crop residues: price or output value per unit,110.0,150.0,190.0,89.639568,89.881488,0.24192000000000746,200.20028492647054,200.86363786764701,0.6633529411764698,0.008217845587474326,0.00824507497949336,2.7229392019033696e-05,120.12017095588236,120.51818272058823,0.3980117647058705,0.8602204579411763,0.8787943402941174,0.018573882352941107,17836.8,17836.8,0.0,227.399436,227.359116,0.04032000000000835,239442.1673810272,239442.1673810272,0.0
A-197,Biomass pellets and briquettes from Prosopis and crop residues: mature capacity utilisation,0.5,0.7,0.85,89.630928,89.857728,0.22679999999999723,200.17659374999997,200.79848713235293,0.6218933823529653,0.008216873109187933,0.008242400664205778,2.5527555017845066e-05,120.10595625,120.47909227941176,0.3731360294117536,0.8595571049999998,0.8769701197058822,0.017413014705882413,17836.8,17836.8,0.0,227.400876,227.363076,0.037800000000004275,235443.8633810272,242440.8953810272,6997.0320000000065
A-055,Sesame oil pressing and refining: mature capacity utilisation,0.5,0.7,0.85,89.643888,89.848008,0.20411999999998898,200.17550183823528,200.79930606617646,0.6238042279411786,0.008216828288261325,0.008242434279900733,2.5605991639407466e-05,120.10530110294116,120.47958363970587,0.37428253676471,0.8812993314705886,0.8606634498529414,0.020635881617647178,17836.8,17836.8,0.0,227.356596,227.396286,0.03969000000000733,239416.00978102718,239461.7855810272,45.77580000000307
A-001,"Nominal GDP growth in US dollars, 2032 (extension of the IMF WEO path, which ends in 2031)",0.08,0.1078,0.12,89.760528,89.760528,0.0,200.5319613970588,200.5319613970588,0.0,0.008443344168558707,0.008141796162538751,0.0003015480060199558,120.3191768382353,120.3191768382353,0.0,0.8695073991176471,0.8695073991176471,0.0,17836.8,17836.8,0.0,227.379276,227.379276,0.0,239442.1673810272,239442.1673810272,0.0
A-002,Cumulative share of the 2032 target capacity in operation by the end of 2028 (all lines and modules),0.05,0.15,0.25,89.760528,89.760528,0.0,200.5319613970588,200.5319613970588,0.0,0.008231460283483844,0.008231460283483844,0.0,120.3191768382353,120.3191768382353,0.0,0.8695073991176471,0.8695073991176471,0.0,17836.8,17836.8,0.0,227.379276,227.379276,0.0,239442.1673810272,239442.1673810272,0.0
A-003,Cumulative share of the 2032 target capacity in operation by the end of 2029 (all lines and modules),0.2,0.35,0.5,89.760528,89.760528,0.0,200.5319613970588,200.5319613970588,0.0,0.008231460283483844,0.008231460283483844,0.0,120.3191768382353,120.3191768382353,0.0,0.8695073991176471,0.8695073991176471,0.0,17836.8,17836.8,0.0,227.379276,227.379276,0.0,233620.96738102718,245263.36738102717,11642.399999999994
A-004,Cumulative share of the 2032 target capacity in operation by the end of 2030 (all lines and modules),0.4,0.6,0.75,89.760528,89.760528,0.0,200.5319613970588,200.5319613970588,0.0,0.008231460283483844,0.008231460283483844,0.0,120.3191768382353,120.3191768382353,0.0,0.8695073991176471,0.8695073991176471,0.0,17836.8,17836.8,0.0,227.379276,227.379276,0.0,223918.96738102718,251084.56738102718,27165.600000000006
A-016,Chilled beef and camel meat for Gulf markets: direct jobs per unit of annual capacity in operation,0.008,0.015,0.027,89.760528,89.760528,0.0,200.5319613970588,200.5319613970588,0.0,0.008231460283483844,0.008231460283483844,0.0,120.3191768382353,120.3191768382353,0.0,0.8695073991176471,0.8695073991176471,0.0,17668.8,18124.8,456.0,227.379276,227.379276,0.0,239442.1673810272,239442.1673810272,0.0
A-017,Chilled beef and camel meat for Gulf markets: capital cost per unit of annual capacity,700.0,1200.0,2500.0,89.760528,89.760528,0.0,200.5319613970588,200.5319613970588,0.0,0.008231460283483844,0.008231460283483844,0.0,120.3191768382353,120.3191768382353,0.0,0.8695073991176471,0.8695073991176471,0.0,17836.8,17836.8,0.0,227.379276,227.379276,0.0,239442.1673810272,239442.1673810272,0.0
A-018,Chilled beef and camel meat for Gulf markets: share of output sold in Somalia (replacing imports); the rest is exported,0.02,0.05,0.15,89.760528,89.760528,0.0,200.5319613970588,200.5319613970588,0.0,0.008231460283483844,0.008231460283483844,0.0,120.3191768382353,120.3191768382353,0.0,0.9550433991176471,0.5843873991176474,0.37065599999999976,17836.8,17836.8,0.0,227.379276,227.379276,0.0,239442.1673810272,239442.1673810272,0.0
A-019,Chilled beef and camel meat for Gulf markets: imported inputs as a share of gross output,0.02,0.05,0.1,89.760528,89.760528,0.0,201.39184191176471,199.09882720588234,2.2930147058823707,0.00826675676318729,0.008172632817311438,9.412394587585138e-05,120.83510514705881,119.45929632352939,1.3758088235294252,0.893584053529412,0.8293796417647059,0.06420441176470604,17836.8,17836.8,0.0,230.052276,222.924276,7.128000000000014,239442.1673810272,239442.1673810272,0.0
A-020,"Chilled beef and camel meat for Gulf markets: share of domestic input supply that is additional (new production, not diverted from other buyers)",0.2,0.35,0.55,89.760528,89.760528,0.0,191.1961158088235,212.97975551470586,21.783639705882365,0.007848241360989308,0.008742418846809891,0.0008941774858205829,114.71766948529412,127.78785330882353,13.070183823529405,0.6081037226470589,1.2180456344117647,0.6099419117647058,17836.8,17836.8,0.0,227.379276,227.379276,0.0,239442.1673810272,239442.1673810272,0.0
A-021,Chilled meat: share of animals slaughtered that would otherwise have been exported live,0.25,0.4,0.6,89.760528,89.760528,0.0,200.5319613970588,200.5319613970588,0.0,0.008231460283483844,0.008231460283483844,0.0,120.3191768382353,120.3191768382353,0.0,0.8695073991176471,0.8695073991176471,0.0,17836.8,17836.8,0.0,236.856276,214.743276,22.113,239442.1673810272,239442.1673810272,0.0
A-022,Live-export value forgone per tonne of carcass-weight equivalent (cattle and camels),2500.0,3900.0,5500.0,89.760528,89.760528,0.0,200.5319613970588,200.5319613970588,0.0,0.008231460283483844,0.008231460283483844,0.0,120.3191768382353,120.3191768382353,0.0,0.8695073991176471,0.8695073991176471,0.0,17836.8,17836.8,0.0,236.451276,217.011276,19.439999999999998,239442.1673810272,239442.1673810272,0.0
A-027,Hides and skins tanning (with effluent treatment): direct jobs per unit of annual capacity in operation,0.0003,0.00033,0.00045,89.760528,89.760528,0.0,200.5319613970588,200.5319613970588,0.0,0.008231460283483844,0.008231460283483844,0.0,120.3191768382353,120.3191768382353,0.0,0.8695073991176471,0.8695073991176471,0.0,17764.8,18124.8,360.0,227.379276,227.379276,0.0,239442.1673810272,239442.1673810272,0.0
A-028,Hides and skins tanning (with effluent treatment): capital cost per unit of annual capacity,3.0,5.0,9.0,89.760528,89.760528,0.0,200.5319613970588,200.5319613970588,0.0,0.008231460283483844,0.008231460283483844,0.0,120.3191768382353,120.3191768382353,0.0,0.8695073991176471,0.8695073991176471,0.0,17836.8,17836.8,0.0,227.379276,227.379276,0.0,239442.1673810272,239442.1673810272,0.0
A-029,Hides and skins tanning (with effluent treatment): share of output sold in Somalia (replacing imports); the rest is exported,0.05,0.1,0.3,89.760528,89.760528,0.0,200.5319613970588,200.5319613970588,0.0,0.008231460283483844,0.008231460283483844,0.0,120.3191768382353,120.3191768382353,0.0,0.8816033991176471,0.8211233991176471,0.06047999999999998,17836.8,17836.8,0.0,227.379276,227.379276,0.0,239442.1673810272,239442.1673810272,0.0
A-030,Hides and skins tanning (with effluent treatment): imported inputs as a share of gross output,0.2,0.3,0.4,89.760528,89.760528,0.0,200.9488731617647,200.1150496323529,0.8338235294118022,0.008248573728188545,0.008214346838779144,3.4226889409400343e-05,120.56932389705881,120.06902977941176,0.5002941176470443,0.8811809285294119,0.8578338697058823,0.02334705882352961,17836.8,17836.8,0.0,228.135276,226.623276,1.5120000000000005,239442.1673810272,239442.1673810272,0.0
A-031,"Hides and skins tanning (with effluent treatment): share of domestic input supply that is additional (new production, not diverted from other buyers)",0.4,0.6,0.8,89.760528,89.760528,0.0,200.1150496323529,200.9488731617647,0.8338235294118022,0.008214346838779144,0.008248573728188545,3.4226889409400343e-05,120.06902977941176,120.56932389705881,0.5002941176470443,0.8578338697058823,0.8811809285294119,0.02334705882352961,17836.8,17836.8,0.0,227.379276,227.379276,0.0,239442.1673810272,239442.1673810272,0.0
A-032,Tanning: share of skins that would otherwise have been exported raw,0.1,0.2,0.4,89.760528,89.760528,0.0,200.5319613970588,200.5319613970588,0.0,0.008231460283483844,0.008231460283483844,0.0,120.3191768382353,120.3191768382353,0.0,0.8695073991176471,0.8695073991176471,0.0,17836.8,17836.8,0.0,227.606076,226.925676,0.6803999999999917,239442.1673810272,239442.1673810272,0.0
A-033,Tanning: raw-skin export value forgone per skin,0.8,1.5,2.5,89.760528,89.760528,0.0,200.5319613970588,200.5319613970588,0.0,0.008231460283483844,0.008231460283483844,0.0,120.3191768382353,120.3191768382353,0.0,0.8695073991176471,0.8695073991176471,0.0,17836.8,17836.8,0.0,227.590956,227.076876,0.514080000000007,239442.1673810272,239442.1673810272,0.0
A-038,Fish and seafood processing and cold chain: direct jobs per unit of annual capacity in operation,0.02,0.038,0.05,89.760528,89.760528,0.0,200.5319613970588,200.5319613970588,0.0,0.008231460283483844,0.008231460283483844,0.0,120.3191768382353,120.3191768382353,0.0,0.8695073991176471,0.8695073991176471,0.0,16972.8,18412.8,1440.0,227.379276,227.379276,0.0,239442.1673810272,239442.1673810272,0.0
A-039,Fish and seafood processing and cold chain: capital cost per unit of annual capacity,500.0,700.0,1500.0,89.760528,89.760528,0.0,200.5319613970588,200.5319613970588,0.0,0.008231460283483844,0.008231460283483844,0.0,120.3191768382353,120.3191768382353,0.0,0.8695073991176471,0.8695073991176471,0.0,17836.8,17836.8,0.0,227.379276,227.379276,0.0,239442.1673810272,239442.1673810272,0.0
A-040,Fish and seafood processing and cold chain: share of output sold in Somalia (replacing imports); the rest is exported,0.2,0.3,0.5,89.760528,89.760528,0.0,200.5319613970588,200.5319613970588,0.0,0.008231460283483844,0.008231460283483844,0.0,120.3191768382353,120.3191768382353,0.0,1.1183393991176471,0.3718433991176473,0.7464959999999998,17836.8,17836.8,0.0,227.379276,227.379276,0.0,239442.1673810272,239442.1673810272,0.0
A-041,Fish and seafood processing and cold chain: imported inputs as a share of gross output,0.05,0.1,0.15,89.760528,89.760528,0.0,203.39078492647056,197.67313786764703,5.71764705882353,0.008348809618601787,0.008114110948365899,0.00023469867023588782,122.03447095588234,118.60388272058823,3.4305882352941097,0.9495544579411768,0.7894603402941175,0.16009411764705928,17836.8,17836.8,0.0,231.267276,223.491276,7.7760000000000105,239442.1673810272,239442.1673810272,0.0
A-042,"Fish and seafood processing and cold chain: share of domestic input supply that is additional (new production, not diverted from other buyers)",0.6,0.8,0.9,89.760528,89.760528,0.0,190.383137867647,205.6063731617647,15.2232352941177,0.007814870143815142,0.008439755353318196,0.0006248852095030542,114.22988272058822,123.36382389705881,9.133941176470586,0.5853403402941177,1.011590928529412,0.42625058823529427,17836.8,17836.8,0.0,227.379276,227.379276,0.0,239442.1673810272,239442.1673810272,0.0
A-047,"Sesame hulling, tahini and halva: direct jobs per unit of annual capacity in operation",0.004,0.008,0.015,89.760528,89.760528,0.0,200.5319613970588,200.5319613970588,0.0,0.008231460283483844,0.008231460283483844,0.0,120.3191768382353,120.3191768382353,0.0,0.8695073991176471,0.8695073991176471,0.0,17756.8,17976.8,220.0,227.379276,227.379276,0.0,239442.1673810272,239442.1673810272,0.0
A-048,"Sesame hulling, tahini and halva: capital cost per unit of annual capacity",800.0,1500.0,2000.0,89.760528,89.760528,0.0,200.5319613970588,200.5319613970588,0.0,0.008231460283483844,0.008231460283483844,0.0,120.3191768382353,120.3191768382353,0.0,0.8695073991176471,0.8695073991176471,0.0,17836.8,17836.8,0.0,227.379276,227.379276,0.0,239442.1673810272,239442.1673810272,0.0
A-049,"Sesame hulling, tahini and halva: share of output sold in Somalia (replacing imports); the rest is exported",0.0,0.05,0.1,89.760528,89.760528,0.0,200.5319613970588,200.5319613970588,0.0,0.008231460283483844,0.008231460283483844,0.0,120.3191768382353,120.3191768382353,0.0,0.9057953991176471,0.8332193991176471,0.07257599999999997,17836.8,17836.8,0.0,227.379276,227.379276,0.0,239442.1673810272,239442.1673810272,0.0
A-050,"Sesame hulling, tahini and halva: imported inputs as a share of gross output",0.01,0.03,0.05,89.760528,89.760528,0.0,200.65703492647054,200.40688786764701,0.2501470588235293,0.008236594316895253,0.008226326250072432,1.0268066822820623e-05,120.39422095588235,120.24413272058823,0.1500882352941204,0.8730094579411767,0.8660053402941179,0.007004117647058772,17836.8,17836.8,0.0,227.832876,226.925676,0.9071999999999889,239442.1673810272,239442.1673810272,0.0
A-051,"Sesame hulling, tahini and halva: share of domestic input supply that is additional (new production, not diverted from other buyers)",0.1,0.3,0.5,89.760528,89.760528,0.0,197.11328492647056,203.95063786764703,6.837352941176476,0.008091130036905302,0.008371790530062385,0.00028066049315708316,118.26797095588235,122.37038272058822,4.102411764705877,0.7737844579411767,0.9652303402941179,0.19144588235294124,17836.8,17836.8,0.0,227.379276,227.379276,0.0,239442.1673810272,239442.1673810272,0.0
A-052,Sesame hulling: share of seed that would otherwise have been exported raw,0.7,0.9,1.0,89.760528,89.760528,0.0,200.5319613970588,200.5319613970588,0.0,0.008231460283483844,0.008231460283483844,0.0,120.3191768382353,120.3191768382353,0.0,0.8695073991176471,0.8695073991176471,0.0,17836.8,17836.8,0.0,230.882076,225.627876,5.254200000000026,239442.1673810272,239442.1673810272,0.0
A-053,Raw sesame export value forgone per tonne of seed processed,1200.0,1390.0,1550.0,89.760528,89.760528,0.0,200.5319613970588,200.5319613970588,0.0,0.008231460283483844,0.008231460283483844,0.0,120.3191768382353,120.3191768382353,0.0,0.8695073991176471,0.8695073991176471,0.0,17836.8,17836.8,0.0,229.964796,225.201996,4.762799999999999,239442.1673810272,239442.1673810272,0.0
A-058,Sesame oil pressing and refining: direct jobs per unit of annual capacity in operation,0.005,0.008,0.012,89.760528,89.760528,0.0,200.5319613970588,200.5319613970588,0.0,0.008231460283483844,0.008231460283483844,0.0,120.3191768382353,120.3191768382353,0.0,0.8695073991176471,0.8695073991176471,0.0,17824.8,17852.8,28.0,227.379276,227.379276,0.0,239442.1673810272,239442.1673810272,0.0
A-059,Sesame oil pressing and refining: capital cost per unit of annual capacity,500.0,800.0,1400.0,89.760528,89.760528,0.0,200.5319613970588,200.5319613970588,0.0,0.008231460283483844,0.008231460283483844,0.0,120.3191768382353,120.3191768382353,0.0,0.8695073991176471,0.8695073991176471,0.0,17836.8,17836.8,0.0,227.379276,227.379276,0.0,239442.1673810272,239442.1673810272,0.0
A-060,Sesame oil pressing and refining: share of output sold in Somalia (replacing imports); the rest is exported,0.5,0.7,0.9,89.760528,89.760528,0.0,200.5319613970588,200.5319613970588,0.0,0.008231460283483844,0.008231460283483844,0.0,120.3191768382353,120.3191768382353,0.0,0.8912801991176473,0.8477345991176473,0.04354560000000007,17836.8,17836.8,0.0,227.379276,227.379276,0.0,239442.1673810272,239442.1673810272,0.0
A-061,Sesame oil pressing and refining: imported inputs as a share of gross output,0.02,0.05,0.1,89.760528,89.760528,0.0,200.56010294117644,200.48505882352939,0.0750441176470531,0.008232615441001411,0.008229535020954566,3.0804200468453197e-06,120.33606176470586,120.29103529411763,0.045026470588226175,0.8702953623529416,0.8681941270588235,0.002101235294118098,17836.8,17836.8,0.0,227.481336,227.209176,0.2721599999999853,239442.1673810272,239442.1673810272,0.0
A-062,"Sesame oil pressing and refining: share of domestic input supply that is additional (new production, not diverted from other buyers)",0.1,0.3,0.5,89.760528,89.760528,0.0,200.01290624999996,201.05101654411763,1.038110294117672,0.008210154044826492,0.008252766522141197,4.2612477314704286e-05,120.00774374999999,120.63060992647058,0.6228661764705947,0.8549738550000003,0.8840409432352944,0.029067088235294025,17836.8,17836.8,0.0,227.379276,227.379276,0.0,239442.1673810272,239442.1673810272,0.0
A-063,Sesame oil: share of seed that would otherwise have been exported raw,0.7,0.9,1.0,89.760528,89.760528,0.0,200.5319613970588,200.5319613970588,0.0,0.008231460283483844,0.008231460283483844,0.0,120.3191768382353,120.3191768382353,0.0,0.8695073991176471,0.8695073991176471,0.0,17836.8,17836.8,0.0,228.079836,227.028996,1.0508399999999938,239442.1673810272,239442.1673810272,0.0
A-068,Fruit processing and fresh fruit export: direct jobs per unit of annual capacity in operation,0.008,0.015,0.025,89.760528,89.760528,0.0,200.5319613970588,200.5319613970588,0.0,0.008231460283483844,0.008231460283483844,0.0,120.3191768382353,120.3191768382353,0.0,0.8695073991176471,0.8695073991176471,0.0,17668.8,18076.8,408.0,227.379276,227.379276,0.0,239442.1673810272,239442.1673810272,0.0
A-069,Fruit processing and fresh fruit export: capital cost per unit of annual capacity,150.0,300.0,600.0,89.760528,89.760528,0.0,200.5319613970588,200.5319613970588,0.0,0.008231460283483844,0.008231460283483844,0.0,120.3191768382353,120.3191768382353,0.0,0.8695073991176471,0.8695073991176471,0.0,17836.8,17836.8,0.0,227.379276,227.379276,0.0,239442.1673810272,239442.1673810272,0.0
A-070,Fruit processing and fresh fruit export: share of output sold in Somalia (replacing imports); the rest is exported,0.2,0.3,0.5,89.760528,89.760528,0.0,200.5319613970588,200.5319613970588,0.0,0.008231460283483844,0.008231460283483844,0.0,120.3191768382353,120.3191768382353,0.0,0.8840225991176472,0.8404769991176472,0.04354560000000007,17836.8,17836.8,0.0,227.832876,226.472076,1.3608000000000118,239442.1673810272,239442.1673810272,0.0
A-071,Fruit processing and fresh fruit export: imported inputs as a share of gross output,0.05,0.1,0.15,89.760528,89.760528,0.0,200.82379963235292,200.24012316176467,0.5836764705882445,0.008243439694777133,0.008219480872190554,2.395882258657972e-05,120.49427977941174,120.14407389705882,0.35020588235292394,0.8776788697058827,0.8613359285294119,0.016342941176470838,17836.8,17836.8,0.0,227.832876,226.925676,0.9071999999999889,239442.1673810272,239442.1673810272,0.0
A-072,"Fruit processing and fresh fruit export: share of domestic input supply that is additional (new production, not diverted from other buyers)",0.5,0.7,0.9,89.760528,89.760528,0.0,199.34793198529408,201.7159908088235,2.3680588235294238,0.008182858100522494,0.008280062466445191,9.72043659226967e-05,119.60875919117646,121.0295944852941,1.4208352941176372,0.8363545755882356,0.9026602226470591,0.06630564705882358,17836.8,17836.8,0.0,227.379276,227.379276,0.0,239442.1673810272,239442.1673810272,0.0
A-077,Flour milling with grain silos: direct jobs per unit of annual capacity in operation,0.001,0.0015,0.0025,89.760528,89.760528,0.0,200.5319613970588,200.5319613970588,0.0,0.008231460283483844,0.008231460283483844,0.0,120.3191768382353,120.3191768382353,0.0,0.8695073991176471,0.8695073991176471,0.0,17756.8,17996.8,240.0,227.379276,227.379276,0.0,239442.1673810272,239442.1673810272,0.0
A-078,Flour milling with grain silos: capital cost per unit of annual capacity,250.0,400.0,550.0,89.760528,89.760528,0.0,200.5319613970588,200.5319613970588,0.0,0.008231460283483844,0.008231460283483844,0.0,120.3191768382353,120.3191768382353,0.0,0.8695073991176471,0.8695073991176471,0.0,17836.8,17836.8,0.0,227.379276,227.379276,0.0,239442.1673810272,239442.1673810272,0.0
A-079,Flour milling with grain silos: share of output sold in Somalia (replacing imports); the rest is exported,0.95,1.0,1.0,89.760528,89.760528,0.0,200.5319613970588,200.5319613970588,0.0,0.008231460283483844,0.008231460283483844,0.0,120.3191768382353,120.3191768382353,0.0,0.9432353991176471,0.8695073991176471,0.07372800000000002,17836.8,17836.8,0.0,227.379276,227.379276,0.0,239442.1673810272,239442.1673810272,0.0
A-080,Flour milling with grain silos: imported inputs as a share of gross output,0.65,0.75,0.85,89.760528,89.760528,0.0,202.64960845588234,198.41431433823527,4.235294117647072,0.008318385716904544,0.008144534850063143,0.00017385086684140044,121.5897650735294,119.04858860294117,2.5411764705882405,0.9288015167647059,0.8102132814705882,0.11858823529411766,17836.8,17836.8,0.0,231.987276,222.771276,9.216000000000008,239442.1673810272,239442.1673810272,0.0
A-081,"Flour milling with grain silos: share of domestic input supply that is additional (new production, not diverted from other buyers)",0.3,0.5,0.7,89.760528,89.760528,0.0,199.43078492647058,201.633137867647,2.2023529411764287,0.008186259058105081,0.008276661508862606,9.04024507575249e-05,119.65847095588235,120.97988272058822,1.3214117647058714,0.8386744579411762,0.9003403402941175,0.06166588235294124,17836.8,17836.8,0.0,227.379276,227.379276,0.0,239442.1673810272,239442.1673810272,0.0
A-086,Camel milk and dairy processing: direct jobs per unit of annual capacity in operation,8e-07,2e-06,3e-06,89.760528,89.760528,0.0,200.5319613970588,200.5319613970588,0.0,0.008231460283483844,0.008231460283483844,0.0,120.3191768382353,120.3191768382353,0.0,0.8695073991176471,0.8695073991176471,0.0,17779.2,17884.8,105.59999999999854,227.379276,227.379276,0.0,239442.1673810272,239442.1673810272,0.0
A-087,Camel milk and dairy processing: capital cost per unit of annual capacity,0.18,0.22,0.35,89.760528,89.760528,0.0,200.5319613970588,200.5319613970588,0.0,0.008231460283483844,0.008231460283483844,0.0,120.3191768382353,120.3191768382353,0.0,0.8695073991176471,0.8695073991176471,0.0,17836.8,17836.8,0.0,227.379276,227.379276,0.0,239442.1673810272,239442.1673810272,0.0
A-088,Camel milk and dairy processing: share of output sold in Somalia (replacing imports); the rest is exported,0.8,0.9,1.0,89.760528,89.760528,0.0,200.5319613970588,200.5319613970588,0.0,0.008231460283483844,0.008231460283483844,0.0,120.3191768382353,120.3191768382353,0.0,0.9142971591176469,0.8247176391176468,0.08957952000000002,17836.8,17836.8,0.0,228.312396,226.446156,1.8662400000000048,239442.1673810272,239442.1673810272,0.0
A-089,Camel milk and dairy processing: imported inputs as a share of gross output,0.05,0.1,0.2,89.760528,89.760528,0.0,201.17519669117644,199.2454908088235,1.9297058823529483,0.00825786388388538,0.008178653082680768,7.921080120461277e-05,120.70511801470587,119.54729448529412,1.1578235294117576,0.8875179873529411,0.8334862226470586,0.054031764705882446,17836.8,17836.8,0.0,228.545676,225.046476,3.4991999999999734,239442.1673810272,239442.1673810272,0.0
A-090,"Camel milk and dairy processing: share of domestic input supply that is additional (new production, not diverted from other buyers)",0.4,0.6,0.8,89.760528,89.760528,0.0,197.48731433823525,203.57660845588234,6.089294117647086,0.008106483241583234,0.008356437325384455,0.0002499540838012213,118.49238860294118,122.14596507352941,3.6535764705882343,0.7842572814705883,0.9547575167647059,0.17050023529411762,17836.8,17836.8,0.0,227.379276,227.379276,0.0,239442.1673810272,239442.1673810272,0.0
A-095,Soap and detergents: direct jobs per unit of annual capacity in operation,0.0045,0.0058,0.01,89.760528,89.760528,0.0,200.5319613970588,200.5319613970588,0.0,0.008231460283483844,0.008231460283483844,0.0,120.3191768382353,120.3191768382353,0.0,0.8695073991176471,0.8695073991176471,0.0,17816.0,17904.0,88.0,227.379276,227.379276,0.0,239442.1673810272,239442.1673810272,0.0
A-096,Soap and detergents: capital cost per unit of annual capacity,200.0,350.0,750.0,89.760528,89.760528,0.0,200.5319613970588,200.5319613970588,0.0,0.008231460283483844,0.008231460283483844,0.0,120.3191768382353,120.3191768382353,0.0,0.8695073991176471,0.8695073991176471,0.0,17836.8,17836.8,0.0,227.379276,227.379276,0.0,239442.1673810272,239442.1673810272,0.0
A-097,Soap and detergents: share of output sold in Somalia (replacing imports); the rest is exported,0.9,1.0,1.0,89.760528,89.760528,0.0,200.5319613970588,200.5319613970588,0.0,0.008231460283483844,0.008231460283483844,0.0,120.3191768382353,120.3191768382353,0.0,0.9040673991176471,0.8695073991176471,0.034560000000000035,17836.8,17836.8,0.0,227.379276,227.379276,0.0,239442.1673810272,239442.1673810272,0.0
A-098,Soap and detergents: imported inputs as a share of gross output,0.45,0.6,0.75,89.760528,89.760528,0.0,201.27644669117643,199.78747610294116,1.4889705882352757,0.008262020006170809,0.00820090056079688,6.111944537392881e-05,120.76586801470589,119.8724856617647,0.8933823529411882,0.8903529873529415,0.8486618108823532,0.0416911764705884,17836.8,17836.8,0.0,228.999276,225.759276,3.240000000000009,239442.1673810272,239442.1673810272,0.0
A-099,"Soap and detergents: share of domestic input supply that is additional (new production, not diverted from other buyers)",0.3,0.5,0.7,89.760528,89.760528,0.0,200.1349025735294,200.9290202205882,0.7941176470588118,0.008215161764717463,0.008247758802250225,3.259703753276215e-05,120.08094154411765,120.55741213235294,0.4764705882352871,0.858389752058824,0.8806250461764707,0.022235294117646798,17836.8,17836.8,0.0,227.379276,227.379276,0.0,239442.1673810272,239442.1673810272,0.0
A-104,Diapers and hygiene products: direct jobs per unit of annual capacity in operation,0.015,0.025,0.04,89.760528,89.760528,0.0,200.5319613970588,200.5319613970588,0.0,0.008231460283483844,0.008231460283483844,0.0,120.3191768382353,120.3191768382353,0.0,0.8695073991176471,0.8695073991176471,0.0,17788.8,17908.8,120.0,227.379276,227.379276,0.0,239442.1673810272,239442.1673810272,0.0
A-105,Diapers and hygiene products: capital cost per unit of annual capacity,1000.0,1500.0,2500.0,89.760528,89.760528,0.0,200.5319613970588,200.5319613970588,0.0,0.008231460283483844,0.008231460283483844,0.0,120.3191768382353,120.3191768382353,0.0,0.8695073991176471,0.8695073991176471,0.0,17836.8,17836.8,0.0,227.379276,227.379276,0.0,239442.1673810272,239442.1673810272,0.0
A-106,Diapers and hygiene products: share of output sold in Somalia (replacing imports); the rest is exported,0.9,1.0,1.0,89.760528,89.760528,0.0,200.5319613970588,200.5319613970588,0.0,0.008231460283483844,0.008231460283483844,0.0,120.3191768382353,120.3191768382353,0.0,0.8966992071176473,0.8695073991176471,0.027191808000000206,17836.8,17836.8,0.0,227.379276,227.379276,0.0,239442.1673810272,239442.1673810272,0.0
A-107,Diapers and hygiene products: imported inputs as a share of gross output,0.5,0.6,0.75,89.760528,89.760528,0.0,200.92246874999998,199.946200367647,0.9762683823529699,0.00824748987669058,0.00820741589367374,4.007398301683965e-05,120.55348125,119.96772022058822,0.5857610294117848,0.8804416050000003,0.8531060902941179,0.02733551470588247,17836.8,17836.8,0.0,228.22902,226.10466,2.124359999999996,239442.1673810272,239442.1673810272,0.0
A-108,"Diapers and hygiene products: share of domestic input supply that is additional (new production, not diverted from other buyers)",0.3,0.5,0.7,89.760528,89.760528,0.0,200.21955551470586,200.84436727941173,0.6248117647058677,0.008218636608918455,0.008244283958049232,2.5647349130776542e-05,120.13173330882353,120.50662036764705,0.3748870588235178,0.8607600344117651,0.8782547638235296,0.017494729411764554,17836.8,17836.8,0.0,227.379276,227.379276,0.0,239442.1673810272,239442.1673810272,0.0
A-114,Baati and macawis garments: capital cost per unit of annual capacity,3448.0,5000.0,7000.0,89.760528,89.760528,0.0,200.5319613970588,200.5319613970588,0.0,0.008231460283483844,0.008231460283483844,0.0,120.3191768382353,120.3191768382353,0.0,0.8695073991176471,0.8695073991176471,0.0,17836.8,17836.8,0.0,227.379276,227.379276,0.0,239442.1673810272,239442.1673810272,0.0
A-115,Baati and macawis garments: share of output sold in Somalia (replacing imports); the rest is exported,0.9,1.0,1.0,89.760528,89.760528,0.0,200.5319613970588,200.5319613970588,0.0,0.008231460283483844,0.008231460283483844,0.0,120.3191768382353,120.3191768382353,0.0,0.9800993991176471,0.8695073991176471,0.11059200000000002,17836.8,17836.8,0.0,227.379276,227.379276,0.0,239442.1673810272,239442.1673810272,0.0
A-116,Baati and macawis garments: imported inputs as a share of gross output,0.4,0.5,0.6,89.760528,89.760528,0.0,202.12019669117643,198.94372610294116,3.1764705882352757,0.008296654358549368,0.00816626620841832,0.0001303881501310486,121.27211801470588,119.36623566176469,1.905882352941191,0.9139779873529416,0.8250368108823531,0.08894117647058841,17836.8,17836.8,0.0,230.835276,223.923276,6.912000000000006,239442.1673810272,239442.1673810272,0.0
A-117,"Baati and macawis garments: share of domestic input supply that is additional (new production, not diverted from other buyers)",0.3,0.5,0.7,89.760528,89.760528,0.0,199.89666727941173,201.16725551470586,1.2705882352941273,0.008205382653457634,0.008257537913510055,5.215526005242048e-05,119.93800036764705,120.70035330882352,0.7623529411764736,0.8517191638235295,0.8872956344117647,0.03557647058823521,17836.8,17836.8,0.0,227.379276,227.379276,0.0,239442.1673810272,239442.1673810272,0.0
A-122,Business process outsourcing: direct jobs per unit of annual capacity in operation,1.1,1.3,1.6,89.760528,89.760528,0.0,200.5319613970588,200.5319613970588,0.0,0.008231460283483844,0.008231460283483844,0.0,120.3191768382353,120.3191768382353,0.0,0.8695073991176471,0.8695073991176471,0.0,17036.8,19036.8,2000.0,227.379276,227.379276,0.0,239442.1673810272,239442.1673810272,0.0
A-123,Business process outsourcing: capital cost per unit of annual capacity,2500.0,4000.0,7000.0,89.760528,89.760528,0.0,200.5319613970588,200.5319613970588,0.0,0.008231460283483844,0.008231460283483844,0.0,120.3191768382353,120.3191768382353,0.0,0.8695073991176471,0.8695073991176471,0.0,17836.8,17836.8,0.0,227.379276,227.379276,0.0,239442.1673810272,239442.1673810272,0.0
A-124,Business process outsourcing: share of output sold in Somalia (replacing imports); the rest is exported,0.0,0.0,0.1,89.760528,89.760528,0.0,200.5319613970588,200.5319613970588,0.0,0.008231460283483844,0.008231460283483844,0.0,120.3191768382353,120.3191768382353,0.0,0.8695073991176471,0.777347399117647,0.09216000000000002,17836.8,17836.8,0.0,227.379276,227.379276,0.0,239442.1673810272,239442.1673810272,0.0
A-125,Business process outsourcing: imported inputs as a share of gross output,0.05,0.1,0.15,89.760528,89.760528,0.0,201.45843198529414,199.60549080882353,1.8529411764706083,0.008269490160605401,0.008193430406362289,7.605975424311226e-05,120.87505919117648,119.76329448529413,1.1117647058823508,0.8954485755882354,0.8435662226470589,0.05188235294117649,17836.8,17836.8,0.0,228.819276,225.939276,2.8799999999999955,239442.1673810272,239442.1673810272,0.0
A-126,"Business process outsourcing: share of domestic input supply that is additional (new production, not diverted from other buyers)",0.5,0.7,0.9,89.760528,89.760528,0.0,198.94372610294118,202.12019669117646,3.1764705882352757,0.008166266208418321,0.00829665435854937,0.0001303881501310486,119.3662356617647,121.27211801470588,1.9058823529411768,0.825036810882353,0.9139779873529412,0.08894117647058819,17836.8,17836.8,0.0,227.379276,227.379276,0.0,239442.1673810272,239442.1673810272,0.0
A-127,Value added generated per unit of additional domestic input purchases (supply-chain content),0.6,0.8,0.95,89.760528,89.760528,0.0,169.8575502879929,225.0794661387543,55.221915850761405,0.006972333334320941,0.009239089236655104,0.0022667559023341628,101.91453017279574,135.04767968325254,33.1331495104568,0.010623888063801335,1.5568375318851198,1.5462136438213183,17836.8,17836.8,0.0,227.379276,227.379276,0.0,239442.1673810272,239442.1673810272,0.0
A-128,"Share of value added received by Somali households (wages, mixed income, remitted profits)",0.45,0.6,0.75,89.760528,89.760528,0.0,193.33520070890563,208.28522577565633,14.950025066750698,0.007936046777519206,0.00854971722045864,0.0006136704429394336,87.00084031900755,156.21391933174223,69.21307901273468,0.6679980998493578,1.086598801718377,0.4186007018690192,17836.8,17836.8,0.0,227.379276,227.379276,0.0,239442.1673810272,239442.1673810272,0.0
A-129,Marginal propensity to consume out of household income,0.8,0.9,0.95,89.760528,89.760528,0.0,197.26833092224234,202.20460982391103,4.936278901668686,0.008097494383752644,0.00830011935906434,0.0002026249753116962,118.36099855334538,121.32276589434663,2.9617673410012486,0.778125745822785,0.9163415550695084,0.1382158092467234,17836.8,17836.8,0.0,227.379276,227.379276,0.0,239442.1673810272,239442.1673810272,0.0
A-130,Share of household spending that buys domestically produced goods and services,0.2,0.3,0.45,89.760528,89.760528,0.0,191.0497145359019,216.66213902681233,25.612424490910428,0.00784223186377445,0.00889357377202624,0.0010513419082517905,114.62982872154114,129.99728341608738,15.36745469454624,0.6040044870052542,1.3211523727507453,0.717147885745491,17836.8,17836.8,0.0,227.379276,227.379276,0.0,239442.1673810272,239442.1673810272,0.0
A-131,Government revenue collected per unit of additional value added,0.025,0.028,0.05,89.760528,89.760528,0.0,200.5319613970588,200.5319613970588,0.0,0.008231460283483844,0.008231460283483844,0.0,120.3191768382353,120.3191768382353,0.0,0.2679115149264708,5.281210549852942,5.0132990349264706,17836.8,17836.8,0.0,227.379276,227.379276,0.0,239442.1673810272,239442.1673810272,0.0
A-132,Customs duty forgone per unit of imports displaced,0.025,0.032,0.06,89.760528,89.760528,0.0,200.5319613970588,200.5319613970588,0.0,0.008231460283483844,0.008231460283483844,0.0,120.3191768382353,120.3191768382353,0.0,1.9075609191176472,-3.282706680882353,5.1902676,17836.8,17836.8,0.0,227.379276,227.379276,0.0,239442.1673810272,239442.1673810272,0.0
A-133,Imported share of plant capital costs (machinery and equipment),0.6,0.7,0.85,89.760528,89.760528,0.0,200.5319613970588,200.5319613970588,0.0,0.008231460283483844,0.008231460283483844,0.0,120.3191768382353,120.3191768382353,0.0,0.8695073991176471,0.8695073991176471,0.0,17836.8,17836.8,0.0,227.379276,227.379276,0.0,239442.1673810272,239442.1673810272,0.0
A-134,CO2 emission factor of diesel generation displaced,0.692,0.692,0.736,89.760528,89.760528,0.0,200.5319613970588,200.5319613970588,0.0,0.008231460283483844,0.008231460283483844,0.0,120.3191768382353,120.3191768382353,0.0,0.8695073991176471,0.8695073991176471,0.0,17836.8,17836.8,0.0,227.379276,227.379276,0.0,239442.1673810272,241088.5769810272,1646.4096000000136
A-136,Solar PV capacity factor in Mogadishu,0.18,0.204,0.22,89.760528,89.760528,0.0,200.5319613970588,200.5319613970588,0.0,0.008231460283483844,0.008231460283483844,0.0,120.3191768382353,120.3191768382353,0.0,0.8695073991176471,0.8695073991176471,0.0,17836.8,17836.8,0.0,227.379276,227.379276,0.0,239442.1673810272,239442.1673810272,0.0
A-137,Share of solar output that displaces diesel generation,0.8,1.0,1.0,89.760528,89.760528,0.0,200.5319613970588,200.5319613970588,0.0,0.008231460283483844,0.008231460283483844,0.0,120.3191768382353,120.3191768382353,0.0,0.8695073991176471,0.8695073991176471,0.0,17836.8,17836.8,0.0,227.379276,227.379276,0.0,233994.4112210272,239442.1673810272,5447.75615999999
A-138,Solar PV capital cost,600.0,700.0,900.0,89.760528,89.760528,0.0,200.5319613970588,200.5319613970588,0.0,0.008231460283483844,0.008231460283483844,0.0,120.3191768382353,120.3191768382353,0.0,0.8695073991176471,0.8695073991176471,0.0,17836.8,17836.8,0.0,227.379276,227.379276,0.0,239442.1673810272,239442.1673810272,0.0
A-139,Battery power capacity per kW of PV,0.3,0.5,0.8,89.760528,89.760528,0.0,200.5319613970588,200.5319613970588,0.0,0.008231460283483844,0.008231460283483844,0.0,120.3191768382353,120.3191768382353,0.0,0.8695073991176471,0.8695073991176471,0.0,17836.8,17836.8,0.0,227.379276,227.379276,0.0,239442.1673810272,239442.1673810272,0.0
A-140,Battery storage capital cost (4 hours),600.0,800.0,1000.0,89.760528,89.760528,0.0,200.5319613970588,200.5319613970588,0.0,0.008231460283483844,0.008231460283483844,0.0,120.3191768382353,120.3191768382353,0.0,0.8695073991176471,0.8695073991176471,0.0,17836.8,17836.8,0.0,227.379276,227.379276,0.0,239442.1673810272,239442.1673810272,0.0
A-142,Full cost of diesel generation displaced,350.0,400.0,550.0,89.760528,89.760528,0.0,200.5319613970588,200.5319613970588,0.0,0.008231460283483844,0.008231460283483844,0.0,120.3191768382353,120.3191768382353,0.0,0.8695073991176471,0.8695073991176471,0.0,17836.8,17836.8,0.0,227.379276,227.379276,0.0,239442.1673810272,239442.1673810272,0.0
A-143,Diesel pump price,0.6,1.0,1.5,89.760528,89.760528,0.0,200.5319613970588,200.5319613970588,0.0,0.008231460283483844,0.008231460283483844,0.0,120.3191768382353,120.3191768382353,0.0,0.8695073991176471,0.8695073991176471,0.0,17836.8,17836.8,0.0,227.379276,227.379276,0.0,239442.1673810272,239442.1673810272,0.0
A-144,Discount rate for annualising capital costs (MCS cost per tonne),0.08,0.1,0.14,89.760528,89.760528,0.0,200.5319613970588,200.5319613970588,0.0,0.008231460283483844,0.008231460283483844,0.0,120.3191768382353,120.3191768382353,0.0,0.8695073991176471,0.8695073991176471,0.0,17836.8,17836.8,0.0,227.379276,227.379276,0.0,239442.1673810272,239442.1673810272,0.0
A-148,Solar pump system life,10.0,15.0,20.0,89.760528,89.760528,0.0,200.5319613970588,200.5319613970588,0.0,0.008231460283483844,0.008231460283483844,0.0,120.3191768382353,120.3191768382353,0.0,0.8695073991176471,0.8695073991176471,0.0,17836.8,17836.8,0.0,227.379276,227.379276,0.0,239442.1673810272,239442.1673810272,0.0
A-149,Mogadishu waste deposited at the managed landfill with gas capture (full operation),150000.0,230000.0,450000.0,89.760528,89.760528,0.0,200.5319613970588,200.5319613970588,0.0,0.008231460283483844,0.008231460283483844,0.0,120.3191768382353,120.3191768382353,0.0,0.8695073991176471,0.8695073991176471,0.0,17836.8,17836.8,0.0,227.379276,227.379276,0.0,229650.1673810272,266370.1673810272,36720.0
A-150,Landfill gas collection and destruction efficiency over the site's life,0.3,0.5,0.7,89.760528,89.760528,0.0,200.5319613970588,200.5319613970588,0.0,0.008231460283483844,0.008231460283483844,0.0,120.3191768382353,120.3191768382353,0.0,0.8695073991176471,0.8695073991176471,0.0,17836.8,17836.8,0.0,227.379276,227.379276,0.0,183138.1673810272,295746.1673810272,112608.0
A-151,Long-run methane potential per tonne of waste at a managed anaerobic site,1.0,1.36,1.7,89.760528,89.760528,0.0,200.5319613970588,200.5319613970588,0.0,0.008231460283483844,0.008231460283483844,0.0,120.3191768382353,120.3191768382353,0.0,0.8695073991176471,0.8695073991176471,0.0,17836.8,17836.8,0.0,227.379276,227.379276,0.0,231990.1673810272,246480.1673810272,14490.0
A-152,Landfill and gas capture capital cost per tonne of annual capacity,25.0,40.0,70.0,89.760528,89.760528,0.0,200.5319613970588,200.5319613970588,0.0,0.008231460283483844,0.008231460283483844,0.0,120.3191768382353,120.3191768382353,0.0,0.8695073991176471,0.8695073991176471,0.0,17836.8,17836.8,0.0,227.379276,227.379276,0.0,239442.1673810272,239442.1673810272,0.0
A-153,Landfill cell and gas system life,15.0,20.0,25.0,89.760528,89.760528,0.0,200.5319613970588,200.5319613970588,0.0,0.008231460283483844,0.008231460283483844,0.0,120.3191768382353,120.3191768382353,0.0,0.8695073991176471,0.8695073991176471,0.0,17836.8,17836.8,0.0,227.379276,227.379276,0.0,239442.1673810272,239442.1673810272,0.0
A-154,Electric buses in service by 2032,50.0,100.0,200.0,89.760528,89.760528,0.0,200.5319613970588,200.5319613970588,0.0,0.008231460283483844,0.008231460283483844,0.0,120.3191768382353,120.3191768382353,0.0,0.8695073991176471,0.8695073991176471,0.0,17836.8,17836.8,0.0,227.379276,227.379276,0.0,237240.31738102718,243845.8673810272,6605.5500000000175
A-155,Distance per bus a year,45000.0,60000.0,75000.0,89.760528,89.760528,0.0,200.5319613970588,200.5319613970588,0.0,0.008231460283483844,0.008231460283483844,0.0,120.3191768382353,120.3191768382353,0.0,0.8695073991176471,0.8695073991176471,0.0,17836.8,17836.8,0.0,227.379276,227.379276,0.0,238341.2423810272,240543.09238102718,2201.8499999999767
A-156,Diesel use of the bus replaced,0.33,0.4,0.5,89.760528,89.760528,0.0,200.5319613970588,200.5319613970588,0.0,0.008231460283483844,0.008231460283483844,0.0,120.3191768382353,120.3191768382353,0.0,0.8695073991176471,0.8695073991176471,0.0,17836.8,17836.8,0.0,227.379276,227.379276,0.0,238436.1014810272,240879.4043810272,2443.3029000000097
A-157,Electric bus energy use,1.0,1.2,1.5,89.760528,89.760528,0.0,200.5319613970588,200.5319613970588,0.0,0.008231460283483844,0.008231460283483844,0.0,120.3191768382353,120.3191768382353,0.0,0.8695073991176471,0.8695073991176471,0.0,17836.8,17836.8,0.0,227.379276,227.379276,0.0,239666.37538102717,239105.85538102718,560.5199999999895
A-158,Share of bus charging from solar,0.4,0.7,1.0,89.760528,89.760528,0.0,200.5319613970588,200.5319613970588,0.0,0.008231460283483844,0.008231460283483844,0.0,120.3191768382353,120.3191768382353,0.0,0.8695073991176471,0.8695073991176471,0.0,17836.8,17836.8,0.0,227.379276,227.379276,0.0,238096.9193810272,240787.4153810272,2690.4960000000137
A-159,Electric bus and charger cost,250000.0,350000.0,450000.0,89.760528,89.760528,0.0,200.5319613970588,200.5319613970588,0.0,0.008231460283483844,0.008231460283483844,0.0,120.3191768382353,120.3191768382353,0.0,0.8695073991176471,0.8695073991176471,0.0,17836.8,17836.8,0.0,227.379276,227.379276,0.0,239442.1673810272,239442.1673810272,0.0
A-160,Diesel bus cost (counterfactual),120000.0,150000.0,200000.0,89.760528,89.760528,0.0,200.5319613970588,200.5319613970588,0.0,0.008231460283483844,0.008231460283483844,0.0,120.3191768382353,120.3191768382353,0.0,0.8695073991176471,0.8695073991176471,0.0,17836.8,17836.8,0.0,227.379276,227.379276,0.0,239442.1673810272,239442.1673810272,0.0
A-161,Bus life,10.0,12.0,15.0,89.760528,89.760528,0.0,200.5319613970588,200.5319613970588,0.0,0.008231460283483844,0.008231460283483844,0.0,120.3191768382353,120.3191768382353,0.0,0.8695073991176471,0.8695073991176471,0.0,17836.8,17836.8,0.0,227.379276,227.379276,0.0,239442.1673810272,239442.1673810272,0.0
A-163,Charcoal saved per efficient stove a year,0.2,0.35,0.5,89.760528,89.760528,0.0,200.5319613970588,200.5319613970588,0.0,0.008231460283483844,0.008231460283483844,0.0,120.3191768382353,120.3191768382353,0.0,0.8695073991176471,0.8695073991176471,0.0,17836.8,17836.8,0.0,227.379276,227.379276,0.0,170419.3673810272,308464.9673810272,138045.59999999998
A-164,"Fraction of non-renewable biomass (physical estimate, national)",0.4,0.64,0.8,89.760528,89.760528,0.0,200.5319613970588,200.5319613970588,0.0,0.008231460283483844,0.008231460283483844,0.0,120.3191768382353,120.3191768382353,0.0,0.8695073991176471,0.8695073991176471,0.0,17836.8,17836.8,0.0,227.379276,227.379276,0.0,174257.20138102717,282898.8113810272,108641.61000000004
A-166,Share of stoves sold in Banaadir,0.4,0.6,0.8,89.760528,89.760528,0.0,200.5319613970588,200.5319613970588,0.0,0.008231460283483844,0.008231460283483844,0.0,120.3191768382353,120.3191768382353,0.0,0.8695073991176471,0.8695073991176471,0.0,17836.8,17836.8,0.0,227.379276,227.379276,0.0,239442.1673810272,239442.1673810272,0.0
A-169,Stove life,2.0,3.0,5.0,89.760528,89.760528,0.0,200.5319613970588,200.5319613970588,0.0,0.008231460283483844,0.008231460283483844,0.0,120.3191768382353,120.3191768382353,0.0,0.8695073991176471,0.8695073991176471,0.0,17836.8,17836.8,0.0,227.379276,227.379276,0.0,202574.56738102715,264667.3673810272,62092.80000000005
A-170,Charcoal price in Mogadishu,0.28,0.32,0.45,89.760528,89.760528,0.0,200.5319613970588,200.5319613970588,0.0,0.008231460283483844,0.008231460283483844,0.0,120.3191768382353,120.3191768382353,0.0,0.8695073991176471,0.8695073991176471,0.0,17836.8,17836.8,0.0,227.379276,227.379276,0.0,239442.1673810272,239442.1673810272,0.0
A-171,Fruit: share of domestic sales that replaces imported juice and fruit,0.3,0.5,0.7,89.760528,89.760528,0.0,200.5319613970588,200.5319613970588,0.0,0.008231460283483844,0.008231460283483844,0.0,120.3191768382353,120.3191768382353,0.0,0.8869256391176473,0.8520891591176474,0.03483647999999995,17836.8,17836.8,0.0,226.834956,227.923596,1.088639999999998,239442.1673810272,239442.1673810272,0.0
A-172,Dairy: share of domestic sales that replaces imported milk powder (the rest replaces raw milk sold informally),0.4,0.6,0.8,89.760528,89.760528,0.0,200.5319613970588,200.5319613970588,0.0,0.008231460283483844,0.008231460283483844,0.0,120.3191768382353,120.3191768382353,0.0,1.0038766791176468,0.7351381191176473,0.2687385599999995,17836.8,17836.8,0.0,223.180236,231.578316,8.398079999999993,239442.1673810272,239442.1673810272,0.0
A-177,"Frankincense and myrrh: grading, cleaning, distillation of essential oils and extracts: direct jobs per unit of annual capacity in operation",0.05,0.1,0.2,89.760528,89.760528,0.0,200.5319613970588,200.5319613970588,0.0,0.008231460283483844,0.008231460283483844,0.0,120.3191768382353,120.3191768382353,0.0,0.8695073991176471,0.8695073991176471,0.0,17776.8,17956.8,180.0,227.379276,227.379276,0.0,239442.1673810272,239442.1673810272,0.0
A-178,"Frankincense and myrrh: grading, cleaning, distillation of essential oils and extracts: capital cost per unit of annual capacity",2000.0,3000.0,6000.0,89.760528,89.760528,0.0,200.5319613970588,200.5319613970588,0.0,0.008231460283483844,0.008231460283483844,0.0,120.3191768382353,120.3191768382353,0.0,0.8695073991176471,0.8695073991176471,0.0,17836.8,17836.8,0.0,227.379276,227.379276,0.0,239442.1673810272,239442.1673810272,0.0
A-179,"Frankincense and myrrh: grading, cleaning, distillation of essential oils and extracts: share of output sold in Somalia (replacing imports); the rest is exported",0.0,0.05,0.15,89.760528,89.760528,0.0,200.5319613970588,200.5319613970588,0.0,0.008231460283483844,0.008231460283483844,0.0,120.3191768382353,120.3191768382353,0.0,0.8840225991176468,0.8404769991176467,0.04354560000000007,17836.8,17836.8,0.0,227.379276,227.379276,0.0,239442.1673810272,239442.1673810272,0.0
A-180,"Frankincense and myrrh: grading, cleaning, distillation of essential oils and extracts: imported inputs as a share of gross output",0.02,0.05,0.1,89.760528,89.760528,0.0,200.60700551470586,200.40688786764701,0.20011764705884616,0.00823454070353069,0.008226326250072432,8.214453458258233e-06,120.36420330882352,120.24413272058823,0.12007058823529349,0.8716086344117647,0.8660053402941175,0.005603294117647262,17836.8,17836.8,0.0,227.651436,226.925676,0.7257599999999798,239442.1673810272,239442.1673810272,0.0
A-181,"Frankincense and myrrh: grading, cleaning, distillation of essential oils and extracts: share of domestic input supply that is additional (new production, not diverted from other buyers)",0.2,0.3,0.5,89.760528,89.760528,0.0,200.03166727941172,201.53254963235293,1.500882352941204,0.008210924149838204,0.008272532550775124,6.160840093692027e-05,120.01900036764705,120.91952977941175,0.900529411764694,0.8554991638235295,0.8975238697058823,0.04202470588235274,17836.8,17836.8,0.0,227.379276,227.379276,0.0,239442.1673810272,239442.1673810272,0.0
A-182,Aromatic resins: share of resin processed that would otherwise have been exported raw,0.7,0.9,1.0,89.760528,89.760528,0.0,200.5319613970588,200.5319613970588,0.0,0.008231460283483844,0.008231460283483844,0.0,120.3191768382353,120.3191768382353,0.0,0.8695073991176471,0.8695073991176471,0.0,17836.8,17836.8,0.0,228.286476,226.925676,1.3607999999999834,239442.1673810272,239442.1673810272,0.0
A-183,Aromatic resins: raw-resin export value forgone per tonne,4000.0,6000.0,8000.0,89.760528,89.760528,0.0,200.5319613970588,200.5319613970588,0.0,0.008231460283483844,0.008231460283483844,0.0,120.3191768382353,120.3191768382353,0.0,0.8695073991176471,0.8695073991176471,0.0,17836.8,17836.8,0.0,228.740076,226.018476,2.721599999999995,239442.1673810272,239442.1673810272,0.0
A-188,Efficient cookstoves (jikos) for charcoal and pellets: direct jobs per unit of annual capacity in operation,0.001,0.002,0.004,89.760528,89.760528,0.0,200.5319613970588,200.5319613970588,0.0,0.008231460283483844,0.008231460283483844,0.0,120.3191768382353,120.3191768382353,0.0,0.8695073991176471,0.8695073991176471,0.0,17696.8,18116.8,420.0,227.379276,227.379276,0.0,239442.1673810272,239442.1673810272,0.0
A-189,Efficient cookstoves (jikos) for charcoal and pellets: capital cost per unit of annual capacity,5.0,10.0,20.0,89.760528,89.760528,0.0,200.5319613970588,200.5319613970588,0.0,0.008231460283483844,0.008231460283483844,0.0,120.3191768382353,120.3191768382353,0.0,0.8695073991176471,0.8695073991176471,0.0,17836.8,17836.8,0.0,227.379276,227.379276,0.0,239442.1673810272,239442.1673810272,0.0
A-190,Efficient cookstoves (jikos) for charcoal and pellets: share of output sold in Somalia (replacing imports); the rest is exported,0.9,1.0,1.0,89.760528,89.760528,0.0,200.5319613970588,200.5319613970588,0.0,0.008231460283483844,0.008231460283483844,0.0,120.3191768382353,120.3191768382353,0.0,0.8755553991176471,0.8695073991176471,0.006048000000000053,17836.8,17836.8,0.0,227.568276,227.379276,0.18899999999999295,239442.1673810272,239442.1673810272,0.0
A-191,Efficient cookstoves (jikos) for charcoal and pellets: imported inputs as a share of gross output,0.25,0.35,0.5,89.760528,89.760528,0.0,200.70567463235292,200.27139154411762,0.43428308823530415,0.008238590885444135,0.008220764380543406,1.7826504900729165e-05,120.42340477941177,120.1628349264706,0.26056985294117396,0.8743713697058827,0.8622114432352943,0.01215992647058839,17836.8,17836.8,0.0,227.757276,226.812276,0.9449999999999932,239442.1673810272,239442.1673810272,0.0
A-192,"Efficient cookstoves (jikos) for charcoal and pellets: share of domestic input supply that is additional (new production, not diverted from other buyers)",0.3,0.5,0.7,89.760528,89.760528,0.0,200.25402022058822,200.8099025735294,0.5558823529411825,0.008220051320347376,0.008242869246620311,2.281792627293472e-05,120.15241213235294,120.48594154411765,0.3335294117647152,0.8617250461764707,0.877289752058824,0.015564705882353258,17836.8,17836.8,0.0,227.379276,227.379276,0.0,239442.1673810272,239442.1673810272,0.0
A-193,Stoves: share of domestic sales that replaces imported stoves,0.3,0.5,0.8,89.760528,89.760528,0.0,200.5319613970588,200.5319613970588,0.0,0.008231460283483844,0.008231460283483844,0.0,120.3191768382353,120.3191768382353,0.0,0.8936993991176471,0.8332193991176471,0.06047999999999998,17836.8,17836.8,0.0,226.623276,228.513276,1.8899999999999864,239442.1673810272,239442.1673810272,0.0
A-200,Biomass pellets and briquettes from Prosopis and crop residues: direct jobs per unit of annual capacity in operation,0.005,0.01,0.02,89.760528,89.760528,0.0,200.5319613970588,200.5319613970588,0.0,0.008231460283483844,0.008231460283483844,0.0,120.3191768382353,120.3191768382353,0.0,0.8695073991176471,0.8695073991176471,0.0,17756.8,17996.8,240.0,227.379276,227.379276,0.0,239442.1673810272,239442.1673810272,0.0
A-201,Biomass pellets and briquettes from Prosopis and crop residues: capital cost per unit of annual capacity,80.0,150.0,250.0,89.760528,89.760528,0.0,200.5319613970588,200.5319613970588,0.0,0.008231460283483844,0.008231460283483844,0.0,120.3191768382353,120.3191768382353,0.0,0.8695073991176471,0.8695073991176471,0.0,17836.8,17836.8,0.0,227.379276,227.379276,0.0,239442.1673810272,239442.1673810272,0.0
A-202,Biomass pellets and briquettes from Prosopis and crop residues: share of output sold in Somalia (replacing imports); the rest is exported,0.9,1.0,1.0,89.760528,89.760528,0.0,200.5319613970588,200.5319613970588,0.0,0.008231460283483844,0.008231460283483844,0.0,120.3191768382353,120.3191768382353,0.0,0.8695073991176471,0.8695073991176471,0.0,17836.8,17836.8,0.0,227.530476,227.379276,0.15119999999998868,239442.1673810272,239442.1673810272,0.0
A-203,Biomass pellets and briquettes from Prosopis and crop residues: imported inputs as a share of gross output,0.02,0.05,0.1,89.760528,89.760528,0.0,200.56531433823528,200.47637316176468,0.0889411764705983,0.008232829359060221,0.00822917849085655,3.6508682036712897e-06,120.33918860294116,120.28582389705882,0.053364705882344765,0.8704412814705883,0.8679509285294119,0.002490352941176388,17836.8,17836.8,0.0,227.424636,227.303676,0.12095999999999663,239442.1673810272,239442.1673810272,0.0
A-204,"Biomass pellets and briquettes from Prosopis and crop residues: share of domestic input supply that is additional (new production, not diverted from other buyers)",0.6,0.8,0.9,89.760528,89.760528,0.0,200.35129963235292,200.62229227941174,0.27099264705881865,0.00822404445744514,0.008235168196503195,1.1123739058054374e-05,120.21077977941177,120.37337536764706,0.1625955882352912,0.8644488697058823,0.8720366638235295,0.007587794117647206,17836.8,17836.8,0.0,227.379276,227.379276,0.0,239442.1673810272,239442.1673810272,0.0
A-207,Charcoal replaced per tonne of pellets or briquettes,0.45,0.6,0.75,89.760528,89.760528,0.0,200.5319613970588,200.5319613970588,0.0,0.008231460283483844,0.008231460283483844,0.0,120.3191768382353,120.3191768382353,0.0,0.8695073991176471,0.8695073991176471,0.0,17836.8,17836.8,0.0,227.379276,227.379276,0.0,236248.8233810272,242635.5113810272,6386.687999999995
A-208,"Park solar and storage: premium on equipment cost for site works, interconnection, security and fragile-state delivery",0.15,0.3,0.6,89.760528,89.760528,0.0,200.5319613970588,200.5319613970588,0.0,0.008231460283483844,0.008231460283483844,0.0,120.3191768382353,120.3191768382353,0.0,0.8695073991176471,0.8695073991176471,0.0,17836.8,17836.8,0.0,227.379276,227.379276,0.0,239442.1673810272,239442.1673810272,0.0
A-209,Park solar and storage: annual operation and maintenance cost as a share of installed cost,0.015,0.02,0.03,89.760528,89.760528,0.0,200.5319613970588,200.5319613970588,0.0,0.008231460283483844,0.008231460283483844,0.0,120.3191768382353,120.3191768382353,0.0,0.8695073991176471,0.8695073991176471,0.0,17836.8,17836.8,0.0,227.379276,227.379276,0.0,239442.1673810272,239442.1673810272,0.0
A-210,Solar PV plant life,20.0,25.0,30.0,89.760528,89.760528,0.0,200.5319613970588,200.5319613970588,0.0,0.008231460283483844,0.008231460283483844,0.0,120.3191768382353,120.3191768382353,0.0,0.8695073991176471,0.8695073991176471,0.0,17836.8,17836.8,0.0,227.379276,227.379276,0.0,239442.1673810272,239442.1673810272,0.0
A-211,Battery life before replacement,10.0,12.0,15.0,89.760528,89.760528,0.0,200.5319613970588,200.5319613970588,0.0,0.008231460283483844,0.008231460283483844,0.0,120.3191768382353,120.3191768382353,0.0,0.8695073991176471,0.8695073991176471,0.0,17836.8,17836.8,0.0,227.379276,227.379276,0.0,239442.1673810272,239442.1673810272,0.0
A-212,"Average annual flood losses in Mogadishu (baseline, 2026)",80.0,120.0,160.0,89.760528,89.760528,0.0,200.5319613970588,200.5319613970588,0.0,0.008231460283483844,0.008231460283483844,0.0,120.3191768382353,120.3191768382353,0.0,0.8695073991176471,0.8695073991176471,0.0,17836.8,17836.8,0.0,227.379276,227.379276,0.0,239442.1673810272,239442.1673810272,0.0
A-213,Annual growth of flood losses with population and urbanisation,0.03,0.043,0.06,89.760528,89.760528,0.0,200.5319613970588,200.5319613970588,0.0,0.008231460283483844,0.008231460283483844,0.0,120.3191768382353,120.3191768382353,0.0,0.8695073991176471,0.8695073991176471,0.0,17836.8,17836.8,0.0,227.379276,227.379276,0.0,239442.1673810272,239442.1673810272,0.0
A-214,"Share of Mogadishu's flood losses arising in catchments drained by 2032 (priority catchments, including the park-to-port corridor)",0.15,0.3,0.5,89.760528,89.760528,0.0,200.5319613970588,200.5319613970588,0.0,0.008231460283483844,0.008231460283483844,0.0,120.3191768382353,120.3191768382353,0.0,0.8695073991176471,0.8695073991176471,0.0,17836.8,17836.8,0.0,227.379276,227.379276,0.0,239442.1673810272,239442.1673810272,0.0
A-215,Reduction in flood losses in a drained catchment,0.3,0.45,0.6,89.760528,89.760528,0.0,200.5319613970588,200.5319613970588,0.0,0.008231460283483844,0.008231460283483844,0.0,120.3191768382353,120.3191768382353,0.0,0.8695073991176471,0.8695073991176471,0.0,17836.8,17836.8,0.0,227.379276,227.379276,0.0,239442.1673810272,239442.1673810272,0.0
A-216,Drainage investment per dollar of annual avoided flood loss,9.0,12.0,18.0,89.760528,89.760528,0.0,200.5319613970588,200.5319613970588,0.0,0.008231460283483844,0.008231460283483844,0.0,120.3191768382353,120.3191768382353,0.0,0.8695073991176471,0.8695073991176471,0.0,17836.8,17836.8,0.0,227.379276,227.379276,0.0,239442.1673810272,239442.1673810272,0.0
A-217,Economic life of trunk drainage,20.0,30.0,40.0,89.760528,89.760528,0.0,200.5319613970588,200.5319613970588,0.0,0.008231460283483844,0.008231460283483844,0.0,120.3191768382353,120.3191768382353,0.0,0.8695073991176471,0.8695073991176471,0.0,17836.8,17836.8,0.0,227.379276,227.379276,0.0,239442.1673810272,239442.1673810272,0.0
A-218,Share of the parks' electricity demand met by the solar-plus-storage system,0.5,0.7,0.85,89.760528,89.760528,0.0,200.5319613970588,200.5319613970588,0.0,0.008231460283483844,0.008231460283483844,0.0,120.3191768382353,120.3191768382353,0.0,0.8695073991176471,0.8695073991176471,0.0,17836.8,17836.8,0.0,227.379276,227.379276,0.0,231659.65858102718,245279.04898102718,13619.390400000004
A-219,Electricity use per unit of output: meat,50.0,150.0,300.0,89.760528,89.760528,0.0,200.5319613970588,200.5319613970588,0.0,0.008231460283483844,0.008231460283483844,0.0,120.3191768382353,120.3191768382353,0.0,0.8695073991176471,0.8695073991176471,0.0,17836.8,17836.8,0.0,227.379276,227.379276,0.0,238461.2573810272,240913.53238102718,2452.274999999994
A-220,Electricity use per unit of output: tanning,1.0,1.5,3.0,89.760528,89.760528,0.0,200.5319613970588,200.5319613970588,0.0,0.008231460283483844,0.008231460283483844,0.0,120.3191768382353,120.3191768382353,0.0,0.8695073991176471,0.8695073991176471,0.0,17836.8,17836.8,0.0,227.379276,227.379276,0.0,238984.4093810272,240815.44138102717,1831.0319999999774
A-221,Electricity use per unit of output: fish,97.0,110.0,200.0,89.760528,89.760528,0.0,200.5319613970588,200.5319613970588,0.0,0.008231460283483844,0.008231460283483844,0.0,120.3191768382353,120.3191768382353,0.0,0.8695073991176471,0.8695073991176471,0.0,17836.8,17836.8,0.0,227.379276,227.379276,0.0,239238.13810102717,240854.6777810272,1616.5396800000162
A-222,Electricity use per unit of output: sesame,40.0,60.0,100.0,89.760528,89.760528,0.0,200.5319613970588,200.5319613970588,0.0,0.008231460283483844,0.008231460283483844,0.0,120.3191768382353,120.3191768382353,0.0,0.8695073991176471,0.8695073991176471,0.0,17836.8,17836.8,0.0,227.379276,227.379276,0.0,239289.58138102718,239747.33938102718,457.75800000000163
A-223,Electricity use per unit of output: sesame oil,40.0,60.0,100.0,89.760528,89.760528,0.0,200.5319613970588,200.5319613970588,0.0,0.008231460283483844,0.008231460283483844,0.0,120.3191768382353,120.3191768382353,0.0,0.8695073991176471,0.8695073991176471,0.0,17836.8,17836.8,0.0,227.379276,227.379276,0.0,239411.6501810272,239503.2017810272,91.55160000000615
A-224,Electricity use per unit of output: fruit,30.0,50.0,100.0,89.760528,89.760528,0.0,200.5319613970588,200.5319613970588,0.0,0.008231460283483844,0.008231460283483844,0.0,120.3191768382353,120.3191768382353,0.0,0.8695073991176471,0.8695073991176471,0.0,17836.8,17836.8,0.0,227.379276,227.379276,0.0,239285.22178102718,239834.5313810272,549.3096000000078
A-225,Electricity use per unit of output: flour,50.0,90.0,130.0,89.760528,89.760528,0.0,200.5319613970588,200.5319613970588,0.0,0.008231460283483844,0.008231460283483844,0.0,120.3191768382353,120.3191768382353,0.0,0.8695073991176471,0.8695073991176471,0.0,17836.8,17836.8,0.0,227.379276,227.379276,0.0,236652.0233810272,242232.3113810272,5580.2880000000005
A-226,Electricity use per unit of output: dairy,0.02,0.03,0.06,89.760528,89.760528,0.0,200.5319613970588,200.5319613970588,0.0,0.008231460283483844,0.008231460283483844,0.0,120.3191768382353,120.3191768382353,0.0,0.8695073991176471,0.8695073991176471,0.0,17836.8,17836.8,0.0,227.379276,227.379276,0.0,239285.22178102718,239913.00418102718,627.7823999999964
A-227,Electricity use per unit of output: soap,20.0,40.0,80.0,89.760528,89.760528,0.0,200.5319613970588,200.5319613970588,0.0,0.008231460283483844,0.008231460283483844,0.0,120.3191768382353,120.3191768382353,0.0,0.8695073991176471,0.8695073991176471,0.0,17836.8,17836.8,0.0,227.379276,227.379276,0.0,239311.3793810272,239703.7433810272,392.3640000000014
A-228,Electricity use per unit of output: diapers,250.0,400.0,600.0,89.760528,89.760528,0.0,200.5319613970588,200.5319613970588,0.0,0.008231460283483844,0.008231460283483844,0.0,120.3191768382353,120.3191768382353,0.0,0.8695073991176471,0.8695073991176471,0.0,17836.8,17836.8,0.0,227.379276,227.379276,0.0,239167.51258102717,239808.37378102719,640.8612000000139
A-229,Electricity use per unit of output: garments,1000.0,2000.0,3000.0,89.760528,89.760528,0.0,200.5319613970588,200.5319613970588,0.0,0.008231460283483844,0.008231460283483844,0.0,120.3191768382353,120.3191768382353,0.0,0.8695073991176471,0.8695073991176471,0.0,17836.8,17836.8,0.0,227.379276,227.379276,0.0,235954.4873810272,242929.84738102718,6975.359999999986
A-230,Electricity use per unit of output: aromatics,250.0,500.0,1000.0,89.760528,89.760528,0.0,200.5319613970588,200.5319613970588,0.0,0.008231460283483844,0.008231460283483844,0.0,120.3191768382353,120.3191768382353,0.0,0.8695073991176471,0.8695073991176471,0.0,17836.8,17836.8,0.0,227.379276,227.379276,0.0,239327.72788102718,239671.04638102718,343.31849999999395
A-231,Electricity use per unit of output: stoves,2.0,5.0,10.0,89.760528,89.760528,0.0,200.5319613970588,200.5319613970588,0.0,0.008231460283483844,0.008231460283483844,0.0,120.3191768382353,120.3191768382353,0.0,0.8695073991176471,0.8695073991176471,0.0,17836.8,17836.8,0.0,227.379276,227.379276,0.0,239245.9853810272,239769.1373810272,523.1520000000019
A-232,Electricity use per unit of output: pellets,60.0,100.0,150.0,89.760528,89.760528,0.0,200.5319613970588,200.5319613970588,0.0,0.008231460283483844,0.008231460283483844,0.0,120.3191768382353,120.3191768382353,0.0,0.8695073991176471,0.8695073991176471,0.0,17836.8,17836.8,0.0,227.379276,227.379276,0.0,238953.8921810272,240052.51138102717,1098.6191999999864
A-233,Electricity use per unit of output: bpo,2000.0,3000.0,5000.0,89.760528,89.760528,0.0,200.5319613970588,200.5319613970588,0.0,0.008231460283483844,0.008231460283483844,0.0,120.3191768382353,120.3191768382353,0.0,0.8695073991176471,0.8695073991176471,0.0,17836.8,17836.8,0.0,227.379276,227.379276,0.0,237698.3273810272,242929.84738102718,5231.5199999999895
A-234,Irrigated land converted from diesel to solar pumping by 2032,10000.0,20000.0,40000.0,89.760528,89.760528,0.0,200.5319613970588,200.5319613970588,0.0,0.008231460283483844,0.008231460283483844,0.0,120.3191768382353,120.3191768382353,0.0,0.8695073991176471,0.8695073991176471,0.0,17836.8,17836.8,0.0,227.379276,227.379276,0.0,236531.61209051358,245263.27796205436,8731.665871540783
A-235,Irrigation water pumped per hectare per season,1871.0,4151.0,6168.0,89.760528,89.760528,0.0,200.5319613970588,200.5319613970588,0.0,0.008231460283483844,0.008231460283483844,0.0,120.3191768382353,120.3191768382353,0.0,0.8695073991176471,0.8695073991176471,0.0,17836.8,17836.8,0.0,227.379276,227.379276,0.0,236244.83369643503,242270.68582042295,6025.852123987919
A-236,Irrigated seasons a year (Gu and Deyr),1.0,2.0,2.0,89.760528,89.760528,0.0,200.5319613970588,200.5319613970588,0.0,0.008231460283483844,0.008231460283483844,0.0,120.3191768382353,120.3191768382353,0.0,0.8695073991176471,0.8695073991176471,0.0,17836.8,17836.8,0.0,227.379276,227.379276,0.0,236531.61209051358,239442.1673810272,2910.5552905136137
A-237,Total pumping head: lift from the river to the field plus pipe losses,5.0,8.0,12.0,89.760528,89.760528,0.0,200.5319613970588,200.5319613970588,0.0,0.008231460283483844,0.008231460283483844,0.0,120.3191768382353,120.3191768382353,0.0,0.8695073991176471,0.8695073991176471,0.0,17836.8,17836.8,0.0,227.379276,227.379276,0.0,237259.250913142,242352.7226715408,5093.4717583988095
A-238,Fuel-to-water efficiency of a small diesel pump set,0.1,0.15,0.2,89.760528,89.760528,0.0,200.5319613970588,200.5319613970588,0.0,0.008231460283483844,0.008231460283483844,0.0,120.3191768382353,120.3191768382353,0.0,0.8695073991176471,0.8695073991176471,0.0,17836.8,17836.8,0.0,227.379276,227.379276,0.0,242352.72267154077,237986.88973577038,4365.8329357703915
A-240,Solar pumping system cost per hectare served,1100.0,1450.0,1800.0,89.760528,89.760528,0.0,200.5319613970588,200.5319613970588,0.0,0.008231460283483844,0.008231460283483844,0.0,120.3191768382353,120.3191768382353,0.0,0.8695073991176471,0.8695073991176471,0.0,17836.8,17836.8,0.0,227.379276,227.379276,0.0,239442.1673810272,239442.1673810272,0.0
